味道,3394
不错,3040
吃,2674
还,1783
好,1753
好吃,1633
很好,1627
就,1162
不,1065
服务,1008
菜品,1005
环境,983
有,972
人,882
没有,843
喜欢,757
吃了,716
老板,712
难吃,704
下次,694
分量,665
没,659
点,652
非常,618
多,604
真的,594
特别,546
服务态度,545
给,540
菜,520
新鲜,516
到,500
足,496
来,484
感觉,456
态度,448
推荐,447
团购,425
买,413
一个,412
太,403
热情,394
一如既往,381
有点,379
几次,375
多次,370
过,363
朋友,362
口味,355
超级,351
比较,349
划算,348
味道好,348
还会,339
送,337
价格,331
要,325
经常,310
不好吃,305
肉,305
值得,305
满意,304
东西,298
实惠,297
饭,296
这家,294
位置,291
两个,287
干净,286
第一次,286
完,285
蛋糕,284
份量,283
很多,280
知道,277
拉肚子,271
才,269
差评,264
已经,261
这,260
得,257
臭,257
以后,257
好喝,256
服务员,255
上菜,250
外卖,247
一点,245
挺好,242
少,236
等,235
个,232
觉得,230
好找,229
做,221
今天,221
来吃,219
会,216
一直,216
再来,213
小时,212
店,208
第二次,205
不要,198
不会,197
上,193
便宜,193
商家,191
非常好,188
一次,187
快,186
牛肉,182
来了,181
每次,179
卫生,175
比,172
确实,168
居然,167
能,165
跟,165
想,163
差,163
着,163
鱼,161
个人,161
棒,161
完全,159
速度,159
一,158
老顾客,156
让,156
地方,151
很足,151
希望,148
恶心,148
口感,148
小,148
汤,148
头发,146
以前,146
一起,145
强烈推荐,145
家,144
真心,143
虫子,141
好评,141
很棒,139
起来,139
看到,138
不好,137
辣,134
找,133
店家,133
里,133
不想,132
性价比,132
火锅,132
馊,130
这是,129
店里,129
味,129
打电话,128
把,127
赞,127
喝,126
一份,126
现在,125
舒服,125
不新鲜,125
加,125
一下,124
光顾,124
送来,121
米线,121
只,120
送到,120
饮料,119
高,117
看,117
好吃的,117
米饭,114
好的,114
酸奶,114
美团,113
吃得,113
直接,113
拿,112
贵,112
用,111
好好,111
慢,110
方便,110
根本,109
大,109
量,107
放,107
特色,106
一家,106
水果,106
丰富,105
评价,105
发现,105
团,104
简直,104
三个,103
适合,101
老板娘,101
继续,100
带,98
全是,98
一股,98
不能,96
套餐,96
本来,96
好多,95
无语,95
排队,93
服务周到,93
可能,92
去过,92
土豆,91
他家,89
死,89
失望,88
过来,86
我点,86
还来,86
吃不完,86
我的,85
像,85
下,85
虾,85
时间,85
冷,84
生意,84
很快,84
周到,84
主要,83
够,82
最后,82
筷子,81
钱,81
之前,80
中午,80
鸡,80
还好,80
垃圾,79
超,79
更,77
元,77
吐,77
你家,77
还会来,76
挺不错,75
晚上,74
关键,73
建议,73
这种,73
评论,72
正宗,72
一定,72
电话,72
辣椒,72
挺好吃,71
奶茶,71
起,71
被,71
嫩,71
再也,70
配菜,70
蛮,70
绝对,69
不卫生,69
速度快,68
打开,68
应该,68
行,68
我是,68
走,68
很大,68
炒,68
油,67
选择,67
餐,66
那,66
反正,66
真是,66
对,65
备注,65
那种,65
配送,64
开心,64
们,64
问题,64
购买,64
美味,64
芒果,63
一口,63
棒棒哒,63
鸡蛋,63
不到,63
包装,62
相当,62
是不是,62
几个,62
煮,61
鸡排,61
饿死,61
一根,61
烧烤,61
换,60
一只,60
四个,59
香,59
装修,59
打,59
紫米,59
吃饭,58
久,58
卖,58
烤鱼,58
扔,57
烤鸭,57
下去,57
鸡肉,57
总体,57
一半,56
免费,56
虫,56
不用,55
自助,55
不多,55
臭味,55
饱,54
蟑螂,54
聚餐,54
泡椒,54
粥,54
太慢,54
太少,53
拉,53
炒饭,53
好看,53
苍蝇,53
而,53
晚,53
打包,53
实在,52
想吃,52
披萨,52
弄,52
块,52
合适,52
醉,52
烤肉,52
卖家,51
送过来,51
10,51
爱,51
图片,51
豆腐,51
辣的,50
干,50
看着,50
不够,50
上面,50
店面,50
拌,50
寿司,50
机会,49
骗人,49
食材,49
太差,49
家人,49
鱿鱼,49
小吃,49
再也不会,49
必须,49
差不多,49
昨天,48
肚子,48
榴莲,48
棒棒,48
坨,48
黑,48
不行,48
需要,48
从,47
么,47
聚会,47
都会,47
真,46
上次,46
很少,46
之后,46
看见,46
番茄,46
晓得,46
热,46
中,45
鸡杂,45
咸,45
哈哈哈,45
订,45
送餐,45
入味,44
两份,44
菜量,44
面,44
问,44
试试,44
连,44
不太,44
送货,43
些,43
鸡腿,43
麻辣,43
外面,43
坐,43
海鲜,43
美女,43
很饱,43
骑手,43
小龙虾,43
很漂亮,42
粉,42
注意,42
小孩,42
一杯,42
帮,42
刚,41
种类,41
老,41
坏了,41
香辣,41
一碗,41
卷,41
三文鱼,41
算,40
千层,40
胃口,40
物美价廉,40
全,40
越来越,40
后面,40
肉丝,40
良心,40
谢谢,40
品种,40
酸,39
两次,39
面包,39
同事,39
不一样,39
选,39
没得,39
更好,39
旁边,39
可乐,39
20,38
老火锅,38
毛肚,38
明明,38
优雅,38
安静,38
品尝,38
退款,38
坏,38
只能,38
活动,38
估计,38
食欲,38
鸡翅,38
不吃,37
孩子,37
心情,37
花,37
姐姐,37
半个,37
顾客,37
丢,37
两人,37
下午,37
泡菜,37
皮蛋,37
锅底,36
再点,36
同学,36
老公,36
请,36
肯定,36
基本,36
肥肠,36
刚好,36
提前,36
超好,36
过去,36
分钟,36
下单,36
足够,36
可爱,35
找到,35
回头客,35
钢丝球,35
忘,35
哈,35
好久,35
次,35
不怎么,35
水,35
要死,35
酸辣粉,35
酸的,35
其实,35
奶油,34
变味,34
唯一,34
优惠,34
刚刚,34
变质,34
西瓜,34
汉堡,33
干锅,33
地道,33
支持,33
喊,33
好像,33
重要,33
浪费,33
微辣,33
妈,33
图,32
写,32
店员,32
可惜,32
准备,32
异味,32
出,32
凉菜,32
平时,32
串串,32
做生意,32
盒子,32
搞,32
专门,31
漂亮,31
撑,31
很赞,31
超赞,31
附近,31
竟然,31
尤其,31
玉米,31
店铺,31
冒菜,31
沙拉,31
赞一个,31
鸭肠,31
茶,31
蒜,31
每个,31
不干净,31
用餐,31
要求,31
瞬间,31
客人,30
阿姨,30
谁,30
喝了,30
早,30
薯条,30
黄瓜,30
不辣,30
土豆丝,30
整体,30
没吃过,30
贴心,30
拍照,30
硬,30
原因,30
价格便宜,30
不了,30
鬼,30
地,29
回去,29
点餐,29
食物,29
近,29
一点点,29
辣味,29
回来,29
剩,29
有个,29
到位,29
整个,29
石锅,29
好极了,29
介绍,29
开,28
太辣,28
越,28
第二天,28
啥子,28
消费,28
肥牛,28
什么的,28
退,28
倒,28
熟,28
样子,28
容易,28
精致,28
白菜,28
整洁,28
坑,28
老子,28
小朋友,28
明显,28
真的好,28
丸子,28
炸,28
饺子,27
稀饭,27
素菜,27
经济,27
没法,27
早上,27
花甲,27
照片,27
不舒服,27
好吃不,27
蔬菜,27
时,27
当,27
左右,27
可怜,27
请问,27
尝试,27
奶盖,27
说好,27
40,27
人餐,27
忘记,27
男朋友,26
字,26
酸菜,26
很香,26
一块,26
青椒,26
稍微,26
一个半,26
咖啡,26
四人餐,26
排,26
女生,26
广场,26
下面,26
后来,26
还行,26
改进,26
停车,26
烂,26
藕,26
蛋,26
小菜,26
厨师,26
太好了,26
差点,26
麻烦,25
点个,25
甜,25
芝士,25
一天,25
情况,25
饼,25
蚊子,25
没熟,25
酥肉,25
够吃,25
抄手,25
体验,25
尝尝,25
离家近,25
还给,25
吃火锅,25
嚼,24
特意,24
小哥,24
饿,24
几天,24
安逸,24
生的,24
不同,24
调料,24
小贵,24
看看,24
大赞,24
没什么,24
原味,24
虾子,24
茄子,24
肉质,24
挺快,24
空调,24
光临,24
几乎,24
快递,24
正好,24
一个多,24
肚子疼,24
装,24
我要,24
羊肉,24
龙虾,24
脑花,24
最好,23
闺蜜,23
不贵,23
每,23
告诉,23
重,23
一去,23
离,23
不大,23
有味道,23
重点,23
怠慢,23
酱,23
猪蹄,23
搭配,23
办法,23
定,23
餐厅,23
两,23
很小,23
你的,23
锅,23
瘦肉粥,23
好喝的,23
路过,23
一句,23
周末,23
50,23
员,23
人太多,23
冰淇淋,23
并,23
剩下,23
招牌,23
基本上,22
份,22
对面,22
饭是,22
大人,22
分,22
不腻,22
腻,22
单点,22
我在,22
腥味,22
多久,22
人去,22
很嫩,22
一条,22
怕,22
回,22
十分,22
生气,22
小伙伴,22
饭菜,22
天,22
牛,22
儿子,21
香菜,21
不足,21
桌子,21
美,21
味道不好,21
汤圆,21
我家,21
面条,21
价位,21
甜品,21
耐心,21
拍,21
烫,21
愉快,21
楼下,21
验证,21
难道,21
蒜蓉,21
串,21
网上,21
生日,21
拿来,21
为,21
香味,21
理解,21
生意兴隆,21
学校,21
咬,21
送错,21
撒,21
不少,21
预约,21
解释,21
鲫鱼,21
完美,21
想象,20
量足,20
好地方,20
一家人,20
再次,20
哈哈哈哈,20
热情周到,20
越来越好,20
清汤,20
五个,20
不太好,20
风格,20
一看,20
从来,20
手抓,20
生蚝,20
几口,20
十足,20
爆,20
送得慢,20
店主,20
满足,20
鸭子,20
撒子,20
吃个,20
鸭血,20
不值,20
鸭,20
配,20
咖喱,20
较,20
换成,20
马上,19
毛血旺,19
反胃,19
天气,19
舒适,19
吃不下,19
随便,19
12,19
米,19
清淡,19
骨头,19
第三次,19
当时,19
别,19
回锅肉,19
一试,19
严重,19
年糕,19
每天,19
第一,19
将就,19
南瓜,19
凉,19
浓郁,19
适中,19
像是,19
进去,19
吃不,19
夹,19
上班,19
吃饱,18
卤蛋,18
两口,18
女朋友,18
欺骗,18
消费者,18
先,18
妹妹,18
满,18
意面,18
量少,18
常来,18
退钱,18
五花肉,18
可口,18
第几次,18
玩,18
半小时,18
颜色,18
鱼肉,18
太多,18
韭菜,18
用心,18
长,18
点点,18
霸道,18
质量,18
鲜,18
与,18
美食,18
看起来,18
价钱,18
藕片,18
厉害,18
半天,18
佐料,18
拿到,18
接单,18
碟,18
炸鸡,18
南坪,18
很鲜,18
抹,18
送达,18
尝,18
冰,18
终于,18
观音桥,18
依然,18
豆芽,17
汤锅,17
酒水,17
考虑,17
钢丝,17
中间,17
主动,17
仔,17
下来,17
影响,17
闻,17
一般般,17
海带,17
却,17
不像,17
我去,17
下午茶,17
里脊,17
遗憾,17
金针菇,17
恶劣,17
齐全,17
依旧,17
酒,17
多点,17
最差,17
没想到,17
硬的,17
泡,17
收,17
点菜,17
门口,17
毕竟,17
不敢,17
11,17
太棒了,17
几分钟,17
遇到,17
成,17
刺身,17
加油,17
大爱,17
点赞,17
正,17
油腻,17
不说,17
解放碑,17
预计,17
难,16
室友,16
巧克力,16
痛,16
双人,16
帅哥,16
原来,16
饮品,16
100,16
温馨,16
会有,16
千万,16
杯,16
高大,16
又来,16
一种,16
逼,16
耙,16
健康,16
话,16
过瘾,16
楼上,16
五星,16
30,16
不算,16
孜然,16
蟹,16
费,16
祝,16
有时候,16
关门,16
试一试,16
怀疑,16
人员,16
土豆泥,16
货,16
忙,16
袋子,16
都来,16
哪,16
夏天,16
催,16
值,16
炒鸡,16
满分,16
难受,16
豆浆,16
干净的,16
独特,16
一流,15
小炒肉,15
大份,15
海椒,15
重新,15
太小,15
郁闷,15
一共,15
咯,15
葱,15
酸菜鱼,15
惨,15
怪味,15
放在,15
家里,15
有点咸,15
糊,15
爽,15
好大,15
味精,15
豆皮,15
炒粉,15
迟到,15
很差,15
说话,15
番茄酱,15
认真,15
红豆,15
工作餐,15
这点,15
碗,15
吃出了,15
一瓶,15
预定,15
住,15
听,15
后悔,15
太坑,15
接待,15
洋葱,15
老肉片,15
赞赞,15
过生日,15
品质,15
人多,15
收到,15
新,15
俩,15
总,15
不好意思,15
猪肉,15
汁,15
万达,15
点心,15
红烧,15
实体店,15
冰粉,15
红烧肉,15
有待,15
软,15
儿,15
花生,15
单,15
盖饭,15
亲,15
很浓,15
15,15
没话说,15
路,15
套饭,15
味儿,15
皮,15
须,15
加上,15
很辣,15
公司,15
及时,14
重庆火锅,14
吃得饱,14
价格合理,14
掉,14
一会,14
重庆人,14
补,14
小强,14
特,14
担心,14
一级棒,14
味道鲜美,14
表示,14
逛街,14
怪怪的,14
偏,14
麻,14
爬爬虾,14
有味,14
改善,14
保持,14
方面,14
片,14
浓,14
啤酒,14
不得不,14
大概,14
奥尔良,14
粉丝,14
劲,14
事情,14
变成,14
有人,14
券,14
荤菜,14
午餐肉,14
算是,14
坑人,14
故意,14
道,14
烤翅,14
两天,14
淡,14
一颗,14
饱饱,14
包,14
很近,14
医院,14
厕所,14
跑,14
三人,14
沟通,14
看起,14
日,14
够味,14
从来没,14
纯正,14
边,14
鸡肉卷,13
打折,13
太热,13
包房,13
包间,13
麻辣牛肉,13
就餐,13
太咸,13
寸,13
冬瓜,13
红汤,13
头,13
噢,13
肥肉,13
手套,13
细心,13
果汁,13
培根,13
到处,13
漏,13
订单,13
鲜嫩,13
露,13
豌豆,13
服,13
下回,13
无法,13
做好,13
该,13
狗,13
勺子,13
帮忙,13
那家,13
怎么回事,13
路上,13
第二,13
说实话,13
合理,13
算了,13
回家,13
变质的,13
记得,13
离家,13
面皮,13
挺足,13
翅,13
请客,13
中辣,13
黑心,13
小姐姐,13
收费,13
宝宝,13
外,13
炒蛋,13
一片,13
聊天,13
很慢,13
凉粉,13
餐具,13
五分,13
鲜毛肚,13
半,12
巨,12
鸳鸯锅,12
从来不,12
忍不住,12
放心,12
不怎么样,12
两根,12
几块钱,12
甜点,12
制作,12
常客,12
买过,12
惊喜,12
饭里,12
腿,12
猪脚,12
各,12
试一下,12
一大,12
酸臭,12
提拉米苏,12
事,12
材料,12
正常,12
鹌鹑蛋,12
讲,12
现杀,12
偷工减料,12
两片,12
开业,12
地址,12
千万别,12
鲜鸭肠,12
失败,12
果断,12
偏辣,12
好好吃,12
豆干,12
耗儿鱼,12
亲切,12
远,12
搞笑,12
的小,12
好多好多,12
清楚,12
忙不过来,12
凉拌,12
感谢,12
全都,12
很正,12
洒,12
提醒,12
想起,12
感受,12
客气,12
开胃,12
送货上门,12
咸菜,12
午饭,12
客户,12
不点,12
接,12
尴尬,12
酒店,12
四人,12
老人,12
回购,12
是不,12
高兴,12
代金券,12
凉快,12
小份,12
超时,12
发霉,12
投诉,12
变,12
食品,12
股,12
电影,11
内,11
地沟油,11
完后,11
昨晚,11
幸福,11
她家,11
炒菜,11
螃蟹,11
街,11
充足,11
不知,11
这么久,11
怪,11
壳,11
餐盒,11
突然,11
处理,11
沙子,11
进,11
太久,11
等位,11
龙利鱼,11
滑肉,11
摆,11
几,11
休息,11
特色菜,11
塑料,11
接受,11
首选,11
苦,11
闻到,11
超高,11
吃货,11
肠粉,11
类,11
杯子,11
油渣,11
草莓,11
说真的,11
肠,11
工作人员,11
差距,11
下班,11
温柔,11
人均,11
联系,11
豆,11
单人,11
菜单,11
前,11
大盘鸡,11
是因为,11
凉面,11
椒,11
特辣,11
菜里,11
诚信,11
抱,11
盖,11
提高,11
六个,11
喔,11
葡萄,11
田螺,11
油碟,11
歧视,11
不敢恭维,11
酥,11
里脊肉,11
不符,11
不送,11
送个,11
超过,11
发,11
芥末,11
准时,11
第一个,11
蓝莓,11
贼,11
现场,11
样式,11
前台,11
来过,11
小面,11
接近,11
加点,11
虾饺,11
大闸蟹,11
小店,11
红,11
价,11
条,11
差劲,11
爽口,11
迈,11
杠杠,11
鸭掌,11
盐,11
负责,11
专业,11
嘴里,10
忍,10
买来,10
明天,10
黑色,10
盒,10
糕点,10
服务到位,10
血旺,10
现做,10
听说,10
打个,10
现烤,10
店内,10
极好,10
火腿,10
滴,10
14,10
所谓,10
鹅肠,10
有意思,10
很甜,10
毛,10
原价,10
人气,10
红枣,10
旅游,10
韩国,10
洋芋,10
小聚,10
死虾,10
一层,10
上来,10
起码,10
长期,10
热心,10
天街,10
傻,10
抢,10
花椒,10
新开,10
错,10
实物,10
也许,10
挂,10
咖喱鸡,10
人少,10
米粉,10
第一口,10
现,10
卤肉饭,10
亲自,10
叔叔,10
没洗,10
小区,10
食物中毒,10
甜甜的,10
早点,10
一吃,10
清爽,10
黑胡椒,10
难得,10
挑,10
手机,10
期待,10
冰箱,10
滑,10
比较满意,10
真正,10
过期,10
差别,10
取消,10
茶味,10
乱,10
我加,10
很爽,10
肚子痛,10
简单,10
最近,10
立马,10
价格公道,10
到底,10
队,10
细腻,10
辛苦,10
手,10
上档次,10
催单,10
错过,10
看上去,10
腊,10
沁园,10
正新,10
楼,10
意思,10
凉糕,10
鲜美,10
工作,10
超值,10
醋,10
两种,10
人好,10
中毒,10
不住,10
胡椒,10
蛆,10
布丁,10
大大的,10
没味,9
强力,9
过好,9
三,9
男,9
三次,9
不买,9
更是,9
昨天晚上,9
太贵,9
感,9
服务生,9
盐味,9
底料,9
香菇,9
糯,9
寝室,9
孕妇,9
一张,9
多多,9
有空,9
肉末,9
水煮,9
三份,9
一双,9
在一起,9
前面,9
无良,9
莲白,9
区别,9
桌,9
赠送,9
熬,9
根,9
还点,9
手工,9
家里人,9
倒掉,9
好不好,9
导致,9
68,9
已,9
女儿,9
总是,9
配送费,9
太重,9
送得,9
环境卫生,9
心里,9
餐饮,9
没人,9
站,9
糟糕,9
少得,9
沙坪坝,9
吃不饱,9
赞赞赞,9
受不了,9
多种,9
整,9
咸味,9
无敌,9
堡,9
差差,9
拉面,9
一小,9
甜味,9
一顿,9
假,9
物超所值,9
吃剩,9
地好,9
人来,9
料理,9
大姐,9
一坨,9
大小,9
清新,9
血,9
很久没,9
那天,9
牛奶,9
想到,9
肉串,9
要说,9
困难,9
号,9
猪,9
丰盛,9
腻人,9
黄金,9
生日蛋糕,9
煎蛋,9
师傅,9
秋刀鱼,9
方便快捷,9
腊肉,9
小妹,9
山药,9
辣子,9
速度慢,9
望,9
香肠,9
花菜,9
点儿,9
积分,9
酸梅,9
宽敞,9
辣子鸡,9
在家,9
月,9
不动,9
多宝,9
糖,9
雪,9
永远,9
几片,9
鸡块,9
猪排,9
羊杂,9
单独,9
冷面,9
菠萝,9
包子,8
不对,8
吐出来,8
享受,8
地点,8
看不到,8
虾肉,8
老客户,8
慎重,8
诶,8
是从,8
丝,8
推出,8
子,8
两张,8
经理,8
不接,8
敢,8
杂酱,8
说明,8
开胃菜,8
卤,8
点过,8
足足,8
糍粑,8
特地,8
涨价,8
晕,8
两只,8
虾仁,8
有礼貌,8
无味,8
发臭,8
加热,8
态度恶劣,8
全鸡,8
形容,8
一次性,8
之,8
懂,8
扔掉,8
气氛,8
白,8
荤素,8
冰冻,8
大气,8
质量差,8
荤,8
几十块,8
翅膀,8
宴请,8
剩菜,8
六人,8
不止一次,8
酸辣,8
三种,8
不耐烦,8
产品,8
盐巴,8
48,8
猪肝,8
确认,8
人超,8
照相,8
极其,8
确定,8
放盐,8
白味,8
一顿饭,8
面块,8
鱼香肉丝,8
黑椒,8
三楼,8
情调,8
18,8
岁,8
没得说,8
苕皮,8
鸭头,8
不止,8
肥,8
尖椒,8
宝贝,8
剩饭,8
收拾,8
卖完,8
难喝,8
面粉,8
油炸,8
决定,8
交通,8
外地人,8
货真价实,8
百货,8
理由,8
有股,8
铁板烧,8
料,8
混,8
汤里,8
有没有,8
蜡烛,8
热菜,8
先不说,8
好意思,8
梅林,8
双皮奶,8
浓浓的,8
烤熟,8
鸡爪,8
相对,8
小孩子,8
大块,8
好点,8
星天,8
厨房,8
爬,8
慢慢,8
香的,8
添加,8
妈妈,8
动,8
粗,8
气,8
实际,8
辣得,8
人才,8
意大利面,8
80,8
慕斯,8
出现,8
上传,8
取,8
不敢吃,8
脚,8
都成,8
骗,8
恼火,8
一会儿,8
多一点,8
好去处,8
真好,8
坐坐,8
蘑菇,8
习惯,8
超市,8
星期,8
上楼,8
疼,8
生菜,8
干脆,8
一桌,8
搜,8
自制,8
高峰期,8
超大,8
奶,8
敷衍,8
胃,8
害,8
相信,8
男票,8
时代,8
另,8
橙汁,8
喝完,8
甩,8
过生,8
凌晨,8
丁,8
五块,8
上当,8
卖相,8
好太,8
很久,8
拥有,8
肚,8
不得了,8
一块钱,8
娃儿,8
黄焖,8
焖,8
生,8
焖锅,8
特好,8
约会,8
酸酸的,8
数量,8
坐下,8
火爆,7
少送,7
煲仔饭,7
外地,7
重庆老火锅,7
嘻嘻,7
餐馆,7
平常,7
药膳,7
好哟,7
想着,7
娃娃,7
试吃,7
想要,7
出去,7
汤汁,7
太好,7
蒸蛋,7
凉皮,7
没收,7
倒霉,7
23,7
一模一样,7
火锅店,7
爱的,7
超快,7
乌鱼,7
问问,7
一声,7
太甜,7
收银员,7
煮熟,7
想想,7
日本,7
日式,7
客服,7
酸味,7
好味道,7
小锅,7
处,7
第,7
58,7
划得来,7
区别对待,7
位子,7
新店,7
屎,7
过后,7
真不错,7
慕斯蛋糕,7
八个,7
力,7
牛筋,7
既,7
萝卜,7
关系,7
要点,7
鱼头,7
厚,7
要命,7
大部分,7
愿意,7
煎,7
铁板,7
购,7
不停,7
切,7
汤底,7
三线,7
芋儿,7
13,7
下雨,7
兄弟,7
脆,7
员工,7
因,7
老婆,7
一段时间,7
常去,7
下咽,7
很难,7
25,7
格调,7
不来,7
几样,7
个头,7
没事,7
太大,7
身上,7
酱油,7
音乐,7
矿泉水,7
色香味俱全,7
至少,7
啷,7
牙齿,7
看来,7
分享,7
方便面,7
白切鸡,7
小小的,7
盘子,7
打算,7
真实,7
脾气,7
味都,7
前天,7
逗我,7
印象,7
外观,7
烤鸡,7
干油,7
真不知道,7
且,7
糯糯的,7
非常丰富,7
木瓜,7
熟悉,7
仙草,7
纸巾,7
鸡皮,7
越做越,7
非要,7
九点,7
酱料,7
每周,7
一个月,7
唱歌,7
太忙,7
团团,7
没肉,7
平菇,7
相比,7
两杯,7
提供,7
距离,7
极度,7
一锅,7
牛肉干,7
16,7
超棒,7
表演,7
猫咪,7
遭,7
很腻,7
提,7
脆脆,7
杨家坪,7
位,7
永辉,7
普通,7
饼干,7
座位,7
几年,7
牛油,7
爪,7
星都,7
照顾,7
新品,7
极差,7
店子,7
赶紧,7
冬天,7
车站,7
鸭架,7
不熟,7
一边,7
白水,7
大学城,7
牛蛙,7
亲们,7
乌龙,7
貌似,7
菜色,7
鲜虾,7
使用,7
口,7
圆,7
馆,7
只想,7
占,7
很脆,7
黄,7
绿豆,7
吃吃,7
路口,7
啦啦啦,7
存在,7
收银,7
哈根达斯,7
无数次,7
齐,7
几块,7
蛋挞,7
代金,7
纸包,7
烧白,7
死难,7
试,7
想来,7
注意卫生,6
超足,6
年,6
比萨,6
地瓜,6
高端,6
就这家,6
聚,6
大方,6
讲真,6
大厅,6
色,6
下饭,6
老店,6
美中不足,6
吃面,6
最高,6
陪,6
爱上,6
档次,6
就这,6
照,6
贡茶,6
人团,6
顺便,6
对得起,6
肉夹馍,6
低,6
太过分,6
期间,6
精品,6
腥,6
嘴巴,6
环境优美,6
冷饭,6
挤,6
白灼虾,6
鲍鱼,6
馅,6
反应,6
一人,6
三点,6
坑爹,6
要好,6
二次,6
多去,6
翻,6
十块钱,6
别家,6
算下来,6
谱,6
丝袜奶茶,6
吸管,6
仔细,6
来得及,6
早餐,6
还加,6
空心菜,6
约,6
耿直,6
60,6
说法,6
为啥,6
麻花,6
两块钱,6
早就,6
一斤,6
考,6
退单,6
天天,6
招呼,6
派送,6
周围,6
刺,6
不起,6
打包带,6
必点,6
美美,6
漏出来,6
搞不懂,6
人点,6
长得,6
心,6
水准,6
烧鸡,6
拿走,6
伤心,6
垃圾桶,6
做出,6
太干,6
倒闭,6
真想,6
毛病,6
送货员,6
柳,6
火腿肠,6
别致,6
土豆粉,6
太晚,6
家庭,6
下楼,6
购物,6
排骨汤,6
端,6
点半,6
明白,6
能够,6
回头,6
涮,6
很重,6
缺斤少两,6
江湖菜,6
小虫,6
二个,6
品牌,6
渣渣,6
没送,6
还贵,6
脆骨,6
肉肉,6
到货,6
酸萝卜,6
刨,6
哈密瓜,6
两点,6
酥脆,6
坐在,6
啊啊啊,6
第一家,6
糯米,6
舒心,6
呆,6
32,6
甜而不腻,6
蘸,6
一分,6
发生,6
厚道,6
没到,6
两块,6
酒吧,6
买点,6
大家吃,6
麻辣烫,6
妹子,6
口袋,6
两碗,6
就让,6
淡淡的,6
商场,6
麻辣味,6
绿色,6
全程,6
奥,6
喝一杯,6
破,6
A,6
几家,6
还少,6
几根,6
分开,6
时蔬,6
每味,6
每客,6
200,6
出差,6
666,6
烧,6
卤肉,6
惯,6
团过,6
惬意,6
兑换,6
锅巴,6
那条,6
订餐,6
忍住,6
纸,6
兔,6
耍,6
认为,6
见,6
乖,6
大众,6
操,6
捞,6
蒸饺,6
得到,6
硬得,6
糊味,6
不高,6
第好,6
以,6
多家,6
是否,6
气死我了,6
行为,6
毛发,6
隔,6
九宫格,6
土豆片,6
调,6
养生,6
一星,6
牛肉丸,6
水煮肉片,6
连续,6
去年,6
咸得,6
大热天,6
爆炸,6
北京烤鸭,6
郡,6
活,6
豇豆,6
木耳,6
叫外卖,6
没点,6
咸的,6
下雨天,5
脏,5
全翅,5
入口即化,5
软糯,5
名不虚传,5
国际,5
一盆,5
啃,5
酸汤,5
西饼,5
放松,5
十五,5
四十,5
回收,5
食用,5
总结,5
同,5
若,5
类型,5
二人,5
没说,5
抠,5
优惠券,5
辣白菜,5
自助餐,5
不划算,5
周道,5
过程,5
三天,5
晚点,5
记不清,5
累,5
胡,5
无力,5
吐槽,5
骨,5
无,5
大哥,5
沙拉酱,5
拒绝,5
配料,5
物品,5
碳,5
谨慎,5
二十分钟,5
太老,5
表面,5
好呀,5
举报,5
耶,5
饭盒,5
要得,5
瞎,5
只不过,5
单子,5
气死,5
热狗,5
想念,5
金桔,5
太假,5
现炸,5
十个,5
西瓜汁,5
端上来,5
该店,5
效率,5
双拼,5
纯,5
蛋黄,5
分店,5
咸了,5
腰花,5
差太远,5
原谅,5
猫,5
睡觉,5
130,5
同意,5
我会,5
串起,5
三遍,5
放久,5
阿,5
常常,5
什锦,5
限量,5
弟弟,5
艹,5
做到,5
车,5
节约,5
迟,5
很早,5
请客吃饭,5
拥挤,5
辣椒粉,5
不通,5
骗子,5
提升,5
黑好,5
砂锅,5
转,5
这份,5
鸭脖,5
二,5
个赞,5
全家,5
二楼,5
本,5
冰镇,5
晚饭,5
香辣蟹,5
帅,5
肠胃,5
心态,5
说不出,5
买单,5
哥,5
蒸,5
离谱,5
保证,5
挣钱,5
使劲,5
三块,5
第三,5
部门,5
中餐,5
目前,5
加菜,5
程度,5
夹生,5
洗,5
太硬,5
沾,5
一如,5
风味,5
很能,5
家乡,5
第一回,5
差到,5
人份,5
盘,5
冒火,5
样,5
情侣,5
砸,5
十块,5
芋圆,5
三峡,5
托,5
鸡汤,5
史上,5
扯,5
到极点,5
爸爸,5
现榨,5
骂人,5
好次,5
细节,5
接电话,5
两瓶,5
喝酒,5
一点多,5
习惯性,5
粒,5
细,5
见到,5
么么,5
新颖,5
螺丝,5
第四次,5
轻轨,5
有事,5
停不下来,5
星,5
老师,5
效果,5
美丽,5
豆腐干,5
冬阴功汤,5
轻轨站,5
两桌,5
胃痛,5
清理,5
夜景,5
一包,5
公交站,5
大碗,5
年轻人,5
用券,5
蜂蜜,5
牌子,5
24,5
橙子,5
尖椒鸡,5
符合,5
加钱,5
点半才,5
留香,5
香香,5
丢掉,5
掩盖,5
很长,5
疯了,5
供,5
别点,5
冻,5
精美,5
奥利,5
奶味,5
45,5
不爱,5
上去,5
申请,5
八人餐,5
尖,5
细致,5
检查,5
一点儿,5
下口,5
碎,5
旁,5
面上,5
有图,5
按时,5
认识,5
晚到,5
地理位置,5
进餐,5
龙湾,5
网,5
公道,5
香甜,5
渣,5
留,5
完整,5
关顾,5
一大半,5
大鸡排,5
蟹黄,5
可恶,5
难以,5
肠胃炎,5
银耳,5
珍珠,5
莲藕,5
十一点,5
永川,5
刀叉,5
点到,5
加强,5
莱,5
品味,5
入口,5
区,5
倒胃口,5
快点,5
买好,5
油水,5
辣辣的,5
早饭,5
女孩子,5
急性,5
保安,5
不让,5
食堂,5
询问,5
酱汁,5
信赖,5
芋头,5
喝过,5
点评,5
座,5
积极,5
露台,5
龙湖,5
羊肉串,5
信,5
哇,5
动作,5
肉沫,5
不远,5
88,5
千叶,5
运气,5
先说,5
骨肉相连,5
接到,5
在外,5
多少次,5
差远了,5
骨肉,5
热情服务,5
烤肠,5
一百多,5
辣椒酱,5
豆瓣,5
吓死,5
黄桃,5
不良,5
半夜,5
红薯,5
面里,5
蛙,5
呕吐,5
没人接,5
过分,5
没加,5
藤椒,5
从未,5
气愤,5
门,5
焉,5
卤鸡,5
可怕,5
肉片,5
校门口,5
路程,5
巴,5
有所,5
羊,5
造型,5
火龙果,5
烤糊,5
大力,5
新疆,5
全家人,5
相符,5
好长,5
经典,5
送成,5
江景,5
17,5
拉水,5
青菜,5
焦,5
吃完饭,5
嫌弃,5
离开,5
几张,5
肺,5
飞饼,5
里头,4
逛累,4
如图,4
得板,4
姜,4
来得,4
很撑,4
香蕉,4
苹果,4
比较慢,4
卧槽,4
羊肉粉,4
猫猫,4
一致,4
其,4
地上,4
石头,4
爽歪歪,4
多年,4
大多数,4
评分,4
主题,4
和气,4
铁丝,4
省,4
有根,4
家庭聚会,4
盒饭,4
之间,4
蹄花,4
莴笋,4
好少,4
步行街,4
一串,4
皮脆,4
鲜香,4
笑,4
果盘,4
晚餐,4
上瘾,4
年轻,4
涨,4
华莱士,4
好得,4
有种,4
装饰,4
改变,4
很值,4
添加剂,4
叉子,4
樱花,4
咬了一口,4
最贵,4
无论是,4
剥开,4
优格,4
国庆,4
用户,4
服务质量,4
去哪,4
粘,4
清,4
怪味道,4
太太,4
红烧牛肉,4
费用,4
摸,4
鱼都,4
比较丰富,4
随和,4
辣酱,4
不再,4
四种,4
折扣,4
人生,4
剪,4
鱼丸,4
往,4
苦瓜,4
广味香,4
牛腩,4
都还没,4
扯面,4
灵活,4
没退,4
不靠,4
百,4
35,4
爹,4
凭,4
慎点,4
元祖,4
到达,4
描述,4
炫地,4
关,4
斤,4
大学,4
偏咸,4
拍照片,4
重来,4
500,4
克,4
特价,4
部分,4
开放,4
踩,4
真棒,4
放假,4
摆盘,4
正价,4
给力,4
看错,4
讲究,4
三根,4
成本,4
吵,4
四,4
不出,4
八点,4
很脏,4
粉蒸,4
冒,4
拼盘,4
干巴巴,4
鳗鱼,4
打车,4
人用,4
一楼,4
未,4
强烈,4
鸭肉,4
大锅,4
装潢,4
太油,4
洞,4
难闻,4
川菜,4
绿豆汤,4
停,4
勉强,4
实在太,4
不麻,4
刷,4
耽误,4
大根,4
一小块,4
奇怪,4
颗,4
素质,4
敲门,4
面面,4
遇,4
很帅,4
外带,4
此,4
烦,4
就行了,4
满座,4
那点,4
实话实说,4
梁山,4
泡面,4
适当,4
馒头,4
记住,4
冻货,4
一堆,4
解释一下,4
一匹,4
上火,4
堪忧,4
肯德基,4
色香味,4
盖子,4
呐,4
上餐,4
四只,4
诱人,4
扬州,4
炒面,4
劝,4
路边,4
参与,4
属于,4
膻味,4
极致,4
木桶饭,4
系列,4
十几块,4
饭店,4
薄,4
无可挑剔,4
一周,4
腻的,4
林妹妹,4
火辣辣,4
上桌,4
芹菜,4
万州,4
原材料,4
价值,4
一类,4
一上午,4
手卷,4
增加,4
背后,4
沾水,4
尼玛,4
回忆,4
二十,4
八宝粥,4
加冰,4
坚持,4
绿,4
城,4
吹,4
风,4
送餐费,4
广东,4
老得,4
牛魔王,4
必要,4
400,4
店长,4
碰到,4
送饭,4
十点,4
再团,4
夜宵,4
偏少,4
组合,4
两层,4
出门,4
出口,4
鹅肝,4
成功,4
等候,4
撑死,4
挺棒,4
大雨,4
插曲,4
凑,4
合口味,4
有家,4
走路,4
五斤,4
成都,4
冰冰凉凉,4
论,4
吃不够,4
满满的,4
差太多,4
求婚,4
窗边,4
吸引,4
龟苓膏,4
力度,4
清汤寡水,4
宾至如归,4
h,4
玩意儿,4
混沌,4
红色,4
妹儿,4
竹笋,4
万象城,4
脱水,4
魔芋,4
还敢,4
面汤,4
会员卡,4
折,4
虚脱,4
恐怖,4
风景,4
从没,4
赶快,4
炸虾,4
小学,4
不信,4
一哈,4
一点味,4
珍珠奶茶,4
方式,4
第一天,4
鲜椒,4
五点,4
调味料,4
中途,4
看清楚,4
慢得,4
超多,4
盐都,4
稍稍,4
显眼,4
葱花,4
人要,4
解决,4
真相,4
改,4
遇见,4
不久,4
嘴,4
锁骨,4
人群,4
等待,4
圈,4
真他妈,4
西红柿,4
两样,4
更新,4
几颗,4
两条,4
不爽,4
认准,4
火,4
内容,4
相当于,4
七点,4
榨菜,4
人到,4
湖北,4
越辣,4
绿茶,4
传统,4
迷你,4
鲜榨,4
彻底,4
没放,4
物,4
廉价,4
美观,4
店堂,4
医生,4
黔江鸡杂,4
短发,4
稍,4
经营,4
麻又辣,4
总得来说,4
麻将,4
头晕,4
答应,4
手撕鸡,4
真不,4
B,4
台湾,4
凤梨,4
快要,4
同学们,4
多人,4
融合,4
会儿,4
玩意,4
大门,4
咸鸭蛋,4
便当,4
四点,4
氛围,4
趴,4
动手,4
闻起来,4
上门,4
额外,4
石油路,4
逛,4
鸡脚,4
冲着,4
巴士,4
它家,4
蛋包饭,4
300,4
台,4
商量,4
责任心,4
肉类,4
九个,4
信誉,4
饺,4
猪皮,4
炒年糕,4
大堂,4
餐饮店,4
蜜汁,4
公园,4
看不懂,4
浆,4
无比,4
哇塞,4
拿个,4
必买,4
今天晚上,4
电梯,4
详细,4
买到,4
虾壳,4
大蒜,4
wifi,4
砂锅米线,4
代表,4
麻辣鲜,4
甘梅味,4
技术,4
合格,4
三个菜,4
签签,4
好香,4
五分钟,4
冲,4
强调,4
多放,4
女友,4
太高,4
却是,4
全吐,4
小丸子,4
没来,4
包装袋,4
舍不得,4
礼物,4
好久没,4
素材,4
不对头,4
表扬,4
烤鸭店,4
前一天,4
溶,4
脑壳,4
做法,4
几份,4
以下,4
上午,4
小小,4
资,4
活虾,4
价格比,4
菜汤,4
几种,4
好玩,4
铲,4
结账,4
额,4
整整,4
做成,4
核桃,4
红酒,4
芝麻,4
一号,4
全无,4
见过,4
出奇,4
,4
不小,4
到家,4
1220,4
一眼,4
人性化,4
供选择,4
做菜,4
柠檬,4
奇葩,4
不用说,4
家买,4
雪梨,4
70,4
面的,4
丝瓜,4
天妇罗,4
必吃,4
欺负,4
鳕鱼,4
斜对面,4
大排档,4
短,4
大融城,4
一盘,4
没盐,4
一部分,4
二两,4
开店,4
韩式,4
连锁店,4
肉全,4
给钱,4
味美,4
混合,4
三两,4
好撑,4
吧台,4
最多,4
红油,4
城市,3
古色古香,3
场地,3
鸡腿肉,3
两下,3
饮食,3
金港,3
摔,3
打扰,3
鲜切,3
海南,3
还花,3
大虾,3
泡芙,3
糊辣,3
固定,3
较足,3
节奏,3
奶酪,3
一百,3
喉咙,3
周一,3
整只,3
夸张,3
欣赏,3
送出,3
被骗,3
弹性,3
西施,3
骄傲,3
两串,3
菌菇,3
新菜,3
红糖,3
到手,3
19,3
26,3
半只,3
亮点,3
空壳,3
一单,3
新装修,3
贝尔,3
木有,3
几杯,3
,3
重庆特色,3
胶,3
辣翅,3
叶子,3
派,3
盐煎肉,3
生姜,3
进口,3
干辣,3
换个,3
一下下,3
小票,3
看不见,3
无色,3
酸酸甜甜,3
焦糖布丁,3
最棒,3
豆腐汤,3
成品,3
黄色,3
吃亏,3
小时候,3
更香,3
薄薄的,3
外脆,3
四杯,3
凉水,3
实际上,3
体会,3
参考,3
空了,3
炝,3
贴,3
不当,3
串串香,3
摆放,3
燕窝,3
玫瑰,3
嘱咐,3
李,3
外婆,3
半价,3
忽悠,3
会带,3
幽雅,3
果酱,3
色泽,3
铁锅,3
擦,3
来看,3
自己家,3
解渴,3
蕃茄,3
杏鲍菇,3
一块儿,3
分不清,3
吃不厌,3
付,3
我特,3
会员,3
破坏,3
细嫩,3
兔子,3
真心话,3
求,3
道歉,3
快捷,3
配图,3
任意,3
里加,3
鸡毛,3
会常去,3
需求,3
过得,3
轻松,3
手上,3
河粉,3
类似,3
待遇,3
将,3
嗒,3
大写,3
多元,3
苏打水,3
国宾,3
赚,3
囊个,3
认,3
幸苦,3
塑料袋,3
98,3
限时,3
抢购,3
配合,3
送上门,3
现做现,3
越来越少,3
两三根,3
喝汤,3
虾仁酥,3
皇帝,3
带有,3
对不起,3
回复,3
老火,3
外焦里嫩,3
不难,3
清清楚楚,3
减少,3
鸳鸯,3
芒果汁,3
羊排,3
少菜,3
温,3
猪拱嘴,3
菜菜,3
没带,3
自助餐厅,3
铜梁,3
欲罢不能,3
吐司,3
一袋,3
疯狂,3
苦味,3
宣传,3
少糖,3
凤爪,3
小海鲜,3
离得,3
你好,3
水果店,3
奔,3
都太,3
十次,3
收钱,3
22,3
隔壁家,3
了不起,3
挺大,3
同志,3
敬业,3
羊子,3
项目,3
妈个,3
不怕死,3
宫保鸡丁,3
忍不了,3
只够,3
牙签,3
身边,3
虾线,3
无骨,3
莱品,3
散步,3
太饱,3
哥哥,3
和善,3
至尊,3
麦当劳,3
分熟,3
毫无,3
无好,3
意见,3
收盘,3
太快,3
老是,3
半点,3
道德,3
做人,3
变色,3
做饭,3
差得,3
再差,3
两三个,3
白色,3
大米,3
发烧,3
锅里,3
靠窗,3
168,3
太撑,3
二十年,3
干饭,3
思考,3
猪手,3
标注,3
打翻,3
90,3
加个,3
八块,3
油是,3
一是,3
黑黑的,3
品,3
46,3
不断,3
主食,3
莫,3
爆棚,3
健谈,3
无需,3
过桥米线,3
每年,3
推,3
涩,3
乱七八糟,3
买家,3
打印,3
重庆味,3
得味,3
餐包,3
安全,3
酱肉,3
改了,3
一阵,3
小弟,3
娃,3
瘦肉,3
暖心,3
咸死,3
第四,3
很忙,3
卡,3
还放,3
人定,3
取货,3
多分钟,3
毫升,3
确,3
勒,3
地铁,3
下楼去,3
少冰,3
很多很多,3
无烟,3
菊花,3
心痛,3
园,3
老鼠,3
米虫,3
告知,3
妥妥,3
有点像,3
大通,3
冰室,3
好听,3
另点,3
八块钱,3
祝你们,3
糖水,3
黑米,3
淀粉,3
五香,3
一两次,3
128,3
南滨,3
称,3
强,3
猪扒,3
公里,3
汤不,3
小得,3
不准,3
豆花,3
带走,3
十二点,3
烤鱼店,3
劣质,3
微,3
麻辣鱼,3
相对来说,3
或许,3
不甜,3
流,3
迷路,3
颜值,3
要来,3
那股,3
右手边,3
布置,3
简洁,3
半碗,3
拿给,3
清水,3
老北京,3
增汤,3
白粥,3
绝配,3
泥,3
礼貌,3
好棒,3
赞不绝口,3
老乡,3
凉虾,3
走到,3
不负,3
期望,3
竹筒饭,3
分才,3
可想而知,3
夹心,3
人加,3
黑名单,3
e分,3
我爱,3
安排,3
27,3
是空,3
男生,3
四十分钟,3
幺,3
放葱,3
下车,3
努力,3
绵,3
150,3
段时间,3
404,3
小巷,3
上当受骗,3
老实,3
地铁口,3
熟食,3
全倒,3
大杯,3
充电,3
完成,3
就别,3
辣子鸡丁,3
标志,3
周五,3
装不下,3
012,3
就点,3
立刻,3
六人份,3
暖暖的,3
微信,3
灯光,3
多菜,3
手艺,3
补上,3
偶尔,3
宾客,3
鸡丁,3
花生米,3
骂,3
怪难吃,3
花钱买,3
热情接待,3
苕,3
表达,3
帅哥美女,3
颠覆,3
至极,3
更换,3
品种齐全,3
化,3
对虾,3
姜鸭面,3
美好,3
里边,3
赞点,3
十分钟,3
承认,3
鲜味,3
来杯,3
年前,3
大赞大赞,3
菜太少,3
西兰花,3
都化,3
显示,3
气泡,3
去掉,3
顿饭,3
吃吧,3
板栗,3
长大,3
鸡尾酒,3
日本料理,3
憋,3
牛肉面,3
绝味,3
即往,3
无意间,3
豆豆,3
系统,3
需,3
酸得,3
脖子,3
供应,3
不上,3
飞,3
欠,3
公交车,3
纠结,3
饭点,3
显得,3
灰常,3
注明,3
地段,3
最大,3
电影院,3
伤害,3
无限,3
鸡精,3
阳光,3
世纪,3
带个,3
肉嫩,3
忠实,3
虾头,3
菜凉,3
跟着,3
顺水,3
总共,3
第一顿,3
才行,3
变少,3
不去,3
保鲜膜,3
不见,3
女,3
不脆,3
梨汁,3
兑,3
几把,3
透,3
送人,3
屠场,3
底下,3
街边,3
豪爽,3
汇,3
C,3
煲,3
赔偿,3
超爽,3
身体,3
港式,3
佩服,3
和汤,3
酸甜,3
借口,3
最慢,3
黏糊糊,3
香脆,3
无所谓,3
加辣,3
油漏,3
吃海鲜,3
三分之一,3
排饭,3
自然,3
没见,3
好朋友,3
锤子,3
信任,3
屁,3
意识,3
免费送,3
坏境,3
清洁,3
黑漆漆,3
卖不掉,3
无限量,3
还慢,3
造成,3
要钱,3
北京,3
黑点,3
过于,3
购价,3
李子,3
温度,3
燕麦,3
葡萄干,3
抓饭,3
三张,3
奶牛,3
着想,3
盆友,3
水油,3
压,3
班,3
蛋糕店,3
新世纪,3
必胜客,3
啦啦,3
问下,3
送给,3
六点,3
雪碧,3
碧,3
软软,3
刨冰,3
意外,3
素,3
通知,3
吓,3
美味可口,3
餐位,3
开门,3
小资,3
放得,3
发酸,3
老家,3
蜜辣,3
脸色,3
肉包子,3
紫,3
介意,3
节假日,3
炒熟,3
豪华,3
肉多,3
菜少,3
数,3
上周,3
答复,3
其他人,3
眼睛,3
不发,3
直走,3
汤汤,3
按,3
拉丝,3
好处,3
好慢,3
钵钵鸡,3
牛柳,3
下酒,3
厘米,3
抵,3
打死,3
补送,3
腩,3
生鱼片,3
香芋,3
重视,3
桌上,3
送掉,3
一分钱,3
链接,3
公主,3
油桃,3
八,3
没拿到,3
现金,3
为主,3
柚子茶,3
三宝,3
问道,3
蒜苗,3
个人感觉,3
开心鸡,3
腰子,3
馅料,3
合算,3
不带,3
球,3
免得,3
狗狗,3
哪来,3
月光,3
勤快,3
字数,3
万洲,3
垮,3
炖,3
很怪,3
茶树菇,3
差一点,3
食品安全,3
标准,3
王老吉,3
特殊,3
泰国菜,3
好开心,3
看好,3
一一,3
来讲,3
油条,3
今晚,3
真是太,3
微笑,3
没用,3
四季豆,3
气味,3
李家,3
沱,3
商圈,3
草,3
旺,3
工作室,3
霉味,3
色相,3
鸭脖子,3
打火机,3
没敢,3
唯独,3
肉少,3
边上,3
鲜芋,3
仙,3
巫山,3
很多年,3
肚条,3
好在,3
传说,3
营业,3
粉蒸肉,3
清净,3
拼,3
特有,3
十元,3
手掌,3
惊艳,3
这菜,3
原本,3
太爽,3
或,3
一群,3
老味道,3
烤肉店,3
急诊,3
小料,3
单单,3
不仅仅,3
少放,3
面筋,3
预期,3
江边,3
多一些,3
休闲,3
搭,3
舞蹈,3
蟹肉,3
鄙视,3
手撕,3
小酒,3
进门,3
做事,3
虽,3
多余,3
穿,3
瓶,3
菌,3
平安夜,3
名字,3
迟早,3
金枪鱼,3
棒极了,3
价廉,3
哭,3
草鱼,3
颗粒,3
麻婆豆腐,3
活鱼,3
店店,3
所,3
付款,3
很薄,3
郡花,3
开着,3
体现,3
亲人,3
图案,3
猪头肉,3
胡萝卜,3
强推,3
老妈,3
晚送,3
极力推荐,3
就是面包,3
鸡柳,3
进入,3
现买,3
聊,3
靠,3
比例,3
办,3
学生,3
星光,3
零星,3
上吐下泻,3
房间,3
黑店,3
广州,3
黄喉,3
十几次,3
就行,3
丸,3
药,3
奶香,3
非常感谢,3
没多久,3
养生汤,3
每回,3
当天,3
不愧,3
鱼香味,3
代替,3
腐臭,3
豆乳,3
疯狂烤翅,3
腥臭味,3
招待,3
提示,3
一个碗,3
半份,3
饭量,3
没动,3
裹,3
爆炒,3
菠萝油,3
再加,3
神,3
肠子,3
随意,3
印度,3
过年,3
完才,3
一脸,3
套,3
四号,3
父母,3
猪血,3
我怕,3
多样,3
筋道,3
果肉,3
饼底,3
现切,3
存,3
火焰,3
我操,3
隔夜,3
博片,3
服务行业,2
打扫,2
好难,2
功夫,2
鸭爪,2
超辣,2
慌,2
菠萝包,2
填,2
预订,2
多好,2
粑粑,2
欠佳,2
醪糟汤圆,2
瘦,2
吃掉,2
爱喝,2
鲁西,2
机场,2
两三次,2
学林,2
奸商,2
各式各样,2
霉的,2
霉点,2
今,2
选定,2
换菜,2
刚才,2
状,2
帮别人,2
面店,2
黑娃面,2
东风路,2
重庆小,2
很加分,2
大饼,2
感觉良好,2
绿豆糕,2
臭臭,2
打发,2
假话,2
两盒,2
圆圆的,2
虾丸,2
制,2
带子,2
我用,2
烤肉酱,2
多一点点,2
板凳,2
最气,2
低级,2
门外,2
哪家,2
不能不,2
料足,2
更棒,2
试试看,2
麦莎,2
吃在,2
卤牛肉,2
拉上,2
信号,2
好几碗,2
店老板,2
傻子,2
钢丝网,2
记忆,2
亲和力,2
越麻,2
鱼好,2
两斤,2
在乎,2
讲道理,2
好自为之,2
炮头,2
的当,2
玉米粒,2
黄瓜片,2
微波炉,2
重庆味道,2
生煎包,2
面食,2
用料,2
椰果,2
待,2
希,2
皮皮虾,2
好足,2
亏,2
关照,2
操作,2
好几样,2
每样,2
加盟店,2
保障,2
土炮,2
芡粉,2
三口,2
秩序,2
干瘪瘪,2
速冻,2
脸上,2
尽快,2
八十,2
半盒,2
看清,2
点太多,2
送菜,2
真够,2
大大,2
侄女,2
舒畅,2
快乐,2
愉悦,2
猪草,2
随喊,2
随到,2
入口处,2
深,2
放到,2
锅里煮,2
一口袋,2
光,2
可不可以,2
型,2
问到,2
79,2
归,2
吃了饭,2
199,2
小麦,2
缺,2
发誓,2
金钻,2
线,2
黑线,2
贡菜,2
我定,2
几遍,2
各种各样,2
老豆腐,2
敏感,2
桃花,2
给我发,2
责任,2
上帝,2
再定,2
白雪,2
黑糯米,2
评过,2
很淡,2
每份,2
本子,2
云吞,2
煎饼,2
腊味,2
还长,2
老鸭汤,2
香辣鸡翅,2
他妈的,2
友好,2
雅致,2
耽误时间,2
号码,2
抄,2
例外,2
闹肚子,2
不给力,2
萌萌,2
体贴,2
非常美味,2
必,2
聚在一起,2
大餐,2
牛扒,2
丝丝,2
根粉,2
底楼,2
不干不净,2
美图,2
去取,2
香鸡,2
糖醋排骨,2
六素,2
两包,2
以往,2
新疆人,2
怡园,2
单据,2
每种,2
地三鲜,2
一点半,2
大锅饭,2
尖叫,2
一批,2
回转,2
机器,2
仅仅,2
版,2
大量,2
满口,2
弹,2
通心,2
碰,2
水里,2
基础,2
浇,2
好不容易,2
漂了,2
受欢迎,2
族,2
总统,2
负,2
加水,2
要赞,2
有史以来,2
馄炖,2
满满,2
包括,2
电话号码,2
不理,2
淋,2
脾气好,2
十几人,2
忆乡,2
缘,2
团圆,2
筋,2
大洋,2
一条街,2
何必,2
吃得开,2
毛钱,2
没听说过,2
滚,2
出个,2
无法形容,2
天天来,2
不敢相信,2
前几次,2
今儿,2
草根,2
没喝,2
景色,2
体谅,2
根本无法,2
烤焦,2
偏淡,2
一分钟,2
优惠卷,2
加肉,2
一向,2
不香,2
味足,2
创业,2
吃遍,2
厨子,2
地铁站,2
好利来,2
贪便宜,2
评,2
过头,2
欺负人,2
大妈,2
屋里,2
兜,2
养,2
赔钱,2
两件,2
盆,2
全他,2
充数,2
超慢,2
混杂,2
粮食,2
段,2
喷泉,2
巨咸,2
饿着肚子,2
末,2
寻,2
西米,2
一大块,2
优,2
逼格,2
第一块,2
劳资,2
雪花,2
微微,2
羊蹄,2
保存,2
西冷,2
全部都是,2
等不及,2
42,2
所有人,2
赔,2
姐妹,2
快餐,2
室外,2
非,2
粗糙,2
两点钟,2
唧唧,2
最少,2
改成,2
中等,2
我选,2
柠檬水,2
巨峰,2
鹅掌,2
吃麻,2
配着,2
飘香,2
酸菜鸡,2
弄错,2
重做,2
继往,2
魔法,2
昧着良心,2
赚钱,2
我花,2
走心,2
调调,2
油太多,2
闻着,2
炒河粉,2
炒米粉,2
想点,2
不齐,2
嘿嘿嘿,2
五元,2
包装盒,2
人吃够,2
强烈建议,2
买份,2
一位,2
我团,2
腹痛,2
决人,2
内酯,2
之外,2
一排,2
十杯,2
办公,2
第五次,2
清香,2
肉眼,2
来吧,2
麻味,2
胃里,2
可真行,2
苦苦,2
见识,2
十几,2
五十分钟,2
罗莎,2
甜品店,2
失望透顶,2
多长时间,2
灰常好,2
瓶装,2
潲水,2
具有,2
现钞,2
咋样,2
睡午觉,2
三鲜,2
臭得,2
划得,2
很旺,2
买一送一,2
不二,2
没变,2
挑选,2
喘,2
气得,2
留下,2
打挤,2
不重,2
今后,2
把关,2
腐竹,2
状态,2
胗,2
相同,2
赢,2
唐唐,2
感情,2
甜甜,2
久久,2
时尚,2
叫卖,2
压根,2
鱼粉,2
鱼汤,2
店点,2
半生不熟,2
咬不动,2
四片,2
全肥,2
加料,2
本想,2
小盆友,2
外国,2
要收,2
\,2
砖,2
波霸,2
太给力,2
黑砖,2
单纯,2
理论,2
吵起来,2
不太会,2
钟才,2
来团,2
比德,2
香苑,2
过节,2
酸萝卜汤,2
偏贵,2
中心,2
抱歉,2
冲突,2
清洁卫生,2
闹,2
前两天,2
德,2
乌冬面,2
往里面,2
小吃街,2
四分之一,2
再带,2
极品,2
为人,2
要长,2
二十几分钟,2
北站,2
佳,2
108,2
开吃,2
长长的,2
带去,2
潮汕牛肉,2
市场,2
多块,2
工作日,2
好几个,2
豁,2
泰式,2
意,2
多才,2
锅盔,2
头次,2
一团,2
拆开,2
要排,2
一两个,2
男人,2
饭有,2
河鲜,2
关心,2
牛肝,2
我儿,2
脆皮鸡,2
营业员,2
外形,2
回味,2
片肉,2
昨天中午,2
比店,2
很晚,2
闷,2
嗨,2
居多,2
拜托,2
改名,2
自带,2
加收,2
几道,2
中秋节,2
月饼,2
冉,2
面包都,2
人剩,2
给出,2
先来,2
安利,2
酒味,2
心子,2
盒装,2
红火,2
最起码,2
三岁,2
放多,2
鸡有,2
葱蒜,2
烧鹅,2
腥味儿,2
炸排骨,2
荣幸,2
大福,2
甜酸,2
手指,2
旺和,2
时团,2
货都,2
治,2
小妹妹,2
绝望,2
出餐,2
小巧,2
凶,2
没劲,2
剩点,2
带小盆友,2
爆浆,2
小馒头,2
用手,2
歌手,2
能省,2
内软,2
没人管,2
很闷,2
餐都,2
两盘,2
饼子,2
一喊,2
人能,2
138,2
退货,2
好耍,2
有撒子,2
舌尖,2
凭良心,2
尽,2
好赚,2
几下,2
外送,2
泡脚,2
熊猫,2
美F,2
吼吼,2
多个,2
两句,2
热惰,2
1807,2
嘎嘎,2
璧山,2
蛮棒,2
幽默,2
风趣,2
标牌,2
恭喜发财,2
改为,2
为证,2
温和,2
WiFi,2
歌,2
金爪,2
忍无可忍,2
煮面,2
小心,2
住家,2
当成,2
十几分钟,2
冰激淋,2
缺乏,2
当中,2
170,2
几人,2
Q,2
炎热,2
熟客,2
不卖,2
百味,2
侄儿,2
甜腻,2
管,2
点得,2
香油,2
柠茶,2
惊呆,2
地狱,2
变差,2
味到,2
太脏,2
小块,2
各类,2
我做,2
到时候,2
钱包,2
本店,2
服务满意,2
进店,2
亮堂,2
辣椒油,2
学学,2
熬成,2
半年,2
吃腻,2
眼神,2
眼镜,2
多字,2
宫爆鸡丁,2
一回,2
加工,2
鲤鱼,2
办卡,2
安慰,2
更气,2
悲哀,2
定点,2
价格低,2
咸淡,2
冷得,2
好歹,2
盖浇饭,2
太阳,2
解腻,2
坚果,2
蛋卷,2
半才,2
仍然,2
滋滋,2
基围,2
鸡头,2
敞亮,2
光吃,2
不下,2
脆皮炸鸡,2
鱼蛋,2
一开,2
还苦,2
四次,2
睡着,2
鼓励,2
抹布,2
验券,2
绝不,2
顺带,2
diy,2
小黄鱼,2
最低,2
色素,2
信誓旦旦,2
正合,2
三鲜米线,2
特点,2
共,2
太厚,2
元气,2
和芋,2
弄出来,2
烤炉,2
尝新,2
长假,2
坐满,2
肝,2
点多,2
宵夜,2
打麻将,2
辣椒面,2
豪客来,2
四张,2
咸和,2
充分,2
哈子,2
六寸,2
三十多,2
软籽,2
石榴,2
1110,2
培训,2
鬼火,2
的真,2
同等,2
两百多,2
店要,2
办公室,2
满心,2
拿手,2
抓,2
老婆饼,2
滋补,2
碗豆,2
枉费,2
持续,2
杂酱面,2
名,2
酸酸,2
酸豆角,2
1240,2
油焖大虾,2
正中,2
收都,2
别个,2
待客,2
验卷,2
享用,2
算得,2
鱼籽,2
香酥,2
商品,2
泡饭,2
蛐蛐,2
熙,2
来到,2
漏油,2
性格,2
另一家,2
够味儿,2
行动,2
吖,2
层,2
太足,2
十分满意,2
难怪,2
几百块,2
油焖,2
茉莉花茶,2
味道大,2
石桥铺,2
以外,2
第二份,2
加州,2
由,2
麻鱼,2
瓶酒,2
走累,2
关注,2
宴,2
水放多,2
拱,2
中天,2
创意,2
几百米,2
梅子,2
份儿,2
神奇,2
鸡米花,2
方,2
酸汤鱼,2
老字号,2
菇,2
鲜肉,2
伴,2
具体,2
大型,2
收货,2
紫菜,2
蛋花汤,2
自动,2
生日快乐,2
支路,2
官方,2
准确,2
并不大,2
走进,2
给予,2
180,2
克份,2
非常适合,2
腌制,2
德庄火锅,2
农家,2
流水,2
凉凉的,2
鱼头汤,2
冬阴功,2
精神,2
上也,2
辣不,2
多来,2
宽敞明亮,2
三只,2
顶一个,2
天热,2
看球赛,2
喝点,2
骚扰,2
愤怒,2
发了,2
没电,2
六十,2
黑乎乎,2
腹泻,2
烤鳗鱼,2
白斩鸡,2
最快,2
午觉,2
勾,2
七八个,2
无奈,2
从不,2
爆米花,2
结,2
模具,2
味蕾,2
这款,2
透明,2
油闷,2
断,2
规定,2
柠檬汁,2
曾经,2
西餐厅,2
八分,2
五十,2
更高,2
发自内心,2
食品卫生,2
1230,2
朋友圈,2
佩姐,2
意犹未尽,2
差价,2
死人,2
成年人,2
管饱,2
白巧克力,2
上周五,2
缓,2
卫生局,2
这饭,2
带回家,2
烈士墓,2
不热,2
有下,2
语气,2
不可,2
五颗星,2
天桥,2
底部,2
鱼吃,2
用力,2
对人,2
右边,2
鲜奶,2
烤牛肉,2
有木有,2
越来,2
一口气,2
剩余,2
有毒,2
勺,2
儿童,2
看吧,2
河虾,2
挺高,2
太棒,2
四川,2
外壳,2
动手做,2
很够,2
呈,2
红豆汤,2
烩饭,2
好实惠,2
旋转,2
双椒,2
肉肥,2
温暖,2
东东,2
厂家,2
几小时,2
馊儿,2
标签,2
少不说,2
假货,2
问送,2
卖麻批,2
四重奏,2
农村,2
诚恳,2
恶意,2
全散,2
达标,2
免,2
姜蒜,2
烂掉,2
多要,2
一碟,2
肉菜,2
家门口,2
摊上,2
钟,2
害得,2
睡,2
78,2
拉惨,2
单位,2
刚炸,2
文艺,2
时令,2
太烂,2
蹲,2
地板,2
家常,2
俩个,2
59,2
不选,2
人手,2
我晕,2
一轮,2
完剩,2
G了,2
比前,2
没饭,2
楞,2
巨慢,2
我先,2
吃得下,2
冰冰,2
表明,2
一趟,2
划不来,2
一件,2
酱面,2
店名,2
进来,2
慢死,2
嘟嘟,2
吃药,2
西南,2
卖出,2
带饭,2
扣,2
损失,2
最最,2
来评,2
羡慕,2
偏甜,2
欢迎,2
大半夜,2
丝都,2
跟不上,2
再选,2
三思,2
两年,2
香虾,2
太远,2
来不及,2
拉花,2
馍,2
三分,2
拿上来,2
三片,2
坑坑,2
熟透,2
必选,2
繁多,2
五星级,2
十五块,2
多餐,2
旧,2
高考,2
黄辣丁,2
肉肠,2
追究,2
粤式,2
茶点,2
肉粒,2
黄油,2
香精,2
婴儿,2
凳,2
咬过,2
好味,2
一分货,2
个数,2
瑕疵,2
欺诈,2
分离,2
五号,2
爱理不理,2
几毛钱,2
牛肉饼,2
当讲,2
一整天,2
特地来,2
念念不忘,2
舍,2
逛一逛,2
百分百,2
丑,2
特别感谢,2
尚,2
尊宝,2
水晶粉,2
拿出,2
能数,2
改正,2
毛豆,2
精细,2
天呐,2
大热,2
手里,2
海蛎,2
美滴,2
尚可,2
花市,2
之地,2
没能,2
收获,2
名副其实,2
稠,2
层次,2
塞,2
爸爸妈妈,2
凉透,2
腥臭,2
不理不睬,2
发苦,2
四五次,2
一抿,2
就化,2
小娃儿,2
川味,2
同样,2
服气,2
这位,2
咸没,2
赶,2
赶不上,2
营养,2
读书,2
作料,2
燃面,2
绿豆粥,2
舀,2
青蛙,2
糊成,2
值得一提的是,2
沙县小吃,2
香港城,2
长寿面,2
不配,2
高高,2
餐前,2
而且茶,2
帘子,2
电视,2
游戏,2
娱乐,2
超爱,2
太酸,2
自我感觉,2
唯怡,2
单价,2
查封,2
用油,2
考究,2
四块,2
五,2
相片,2
嘈杂,2
村,2
三号,2
傲娇,2
忽略,2
打卤面,2
现成,2
果酒,2
紧,2
搞定,2
绞痛,2
机,2
略贵,2
压抑,2
小气,2
变态,2
一盒,2
斑鱼,2
比到,2
达到,2
陷,2
华生园,2
三明治,2
靠近,2
老半天,2
搞懂,2
胜,2
从小,2
买个,2
双层,2
九种,2
黔,2
黄腊丁,2
主打,2
百分之,2
多加,2
硬邦邦的,2
暗,2
芊芊,2
散,2
张,2
嗖,2
门面,2
绝不会,2
十几张,2
味和,2
西城,2
味十足,2
回到,2
白白,2
吓死人,2
超出,2
黄牛,2
一朵,2
四小块,2
喜好,2
酱香,2
一个劲,2
推卸责任,2
说完,2
炒得,2
同一个,2
撕开,2
双倍,2
闯,2
水水,2
雀巢,2
俱全,2
团餐,2
糯香,2
老干妈,2
餐椅,2
帽子,2
着实,2
往里,2
找到啦,2
首要,2
小米辣,2
两倍,2
区域,2
就够,2
味好,2
六楼,2
猜,2
鸟,2
每月,2
好气,2
千源,2
不愧为,2
一点钟,2
糖醋里脊,2
自提,2
快递费,2
松,2
叉烧,2
舍得,2
有劲,2
板鸭,2
几坨,2
支付宝,2
老牌子,2
泰国,2
土猪,2
狂,2
时来,2
三丝,2
辣又,2
排号,2
吃点,2
尽然,2
呦,2
即,2
小个,2
号牌,2
37,2
包菜,2
讲解,2
决得,2
肉汁,2
调理,2
上图,2
通用,2
好几块,2
换换,2
回锅,2
放牛班,2
卤料,2
妈哟,2
酸辣鸡,2
扯出来,2
优选,2
适宜,2
东北,2
吞,2
懒得,2
点多钟,2
挨着,2
来一,2
品相,2
便利,2
醒目,2
粑,2
鸭脚,2
接下来,2
摞,2
148,2
甜度,2
糕,2
第二只,2
一只羊,2
中规中矩,2
随叫随到,2
人刚,2
证据,2
几分,2
冰红茶,2
菜饭,2
吃法,2
老少皆宜,2
刮,2
中国,2
咕噜肉,2
椰奶,2
放歌,2
幸运,2
地儿,2
八爪鱼,2
带上,2
多配,2
大薯,2
两家,2
没开,2
我超,2
再订,2
三样,2
新鲜度,2
抹茶慕斯,2
不成样子,2
39,2
无糖,2
疏忽,2
圣诞,2
抽,2
争取,2
物有所值,2
典雅,2
海虾,2
好又,2
发个,2
卡布奇诺,2
七夕,2
拦到,2
后头,2
茶叶蛋,2
漏掉,2
记,2
杨梅,2
巴南,2
海鲜汤,2
满怀,2
男士,2
菜式,2
黑得,2
麻利,2
猪颈肉,2
蛤,2
线上,2
拿餐,2
拉黑,2
红提,2
三秒,2
一路,2
上汤,2
吵架,2
素食,2
这才,2
万州烤鱼,2
炉,2
香嫩,2
店主人,2
小事,2
好友,2
鱼排,2
烧鸭,2
地图,2
慢到,2
恩,2
换单,2
真差,2
奶昔,2
老铁,2
巨差,2
大失所望,2
面馆,2
点才,2
鸡肉饭,2
不谢,2
君花,2
全素,2
干拌,2
碗碗,2
进步,2
震惊,2
发黑,2
环保,2
太赞,2
美的,2
乡村,2
店贵,2
气死人,2
应有尽有,2
全聚德,2
女孩,2
巴菲,2
新出,2
野猪,2
理想,2
香辣虾,2
童鞋,2
暗黑,2
应有,2
水平,2
优点,2
糊糊,2
芸豆,2
开张,2
不像话,2
忘放,2
卡到,2
刚来,2
荷心,2
没良心,2
有虫,2
引起,2
眼光,2
下手,2
大渡口,2
盐蛋,2
七喜,2
拉死,2
干嘛,2
家常菜,2
搞些,2
美肥,2
应,2
咖喱饭,2
记性,2
宅,2
瓜,2
喝杯,2
加工资,2
麻辣小,2
香包,2
餐到,2
点去,2
甜得,2
小米粥,2
梅花,2
学,2
羹,2
木筷,2
力量,2
幸好,2
太吵,2
大酒店,2
全烂,2
只发,2
第五,2
而少,2
日期,2
发给,2
处理方式,2
吝啬,2
味淡,2
换人,2
象,2
真牛,2
火锅鱼,2
完餐,2
多些,2
马路,2
封,2
胃肠,2
夹菜,2
实话,2
打烊,2
好多天,2
七个,2
专程,2
感动,2
比协信,2
橘子,2
安,2
碰见,2
连连,2
情人节,2
亲爱,2
无话可说,2
凉膏,2
没上,2
说加,2
双,2
尽情,2
打着,2
新疆大盘鸡,2
名号,2
刀削面,2
烂肉,2
变得,2
上校,2
咸到,2
面饼,2
勇气,2
久美,2
热天,2
六分,2
大点,2
菜名,2
写错,2
教,2
干煸,2
很麻,2
酸萝卜老,2
鸭汤,2
消息,2
微信里,2
南瓜饼,2
特好吃,2
乐,2
之好,2
赠,2
沾边,2
全额,2
寡淡,2
多送,2
大刀,2
说不出来,2
差不说,2
根本就是,2
家点,2
太度,2
传,2
喝茶,2
非富,2
十人,2
金牌,2
鲜花饼,2
黄桷树,2
途,2
来尝,2
橡皮筋,2
半斤,2
体质,2
果,2
完哈,2
仙女山,2
泡泡,2
两岁,2
茶香,2
更差,2
菲力,2
蛤蜊,2
美连达,2
粘稠,2
正在,2
高汤,2
虫草,2
指甲盖,2
一年,2
简陋,2
病人,2
小米,2
白白的,2
随机,2
不看,2
鳝鱼,2
一道,2
鱼鳞,2
红锅,2
携带,2
老爸,2
唱,2
大队长,2
鲜味美,2
复古,2
验证码,2
饭太硬,2
顶,2
爸妈,2
隔壁,2
右转,2
物体,2
要不得,2
坏掉,2
甜筒,2
冰糖,2
完过,2
坐电梯,2
挺脆,2
浓厚,2
米椒,2
永不,2
扶梯,2
椒盐,2
香酥鸡,2
多快,2
关机,2
豆奶,2
开森,2
光光,2
店买,2
饱腹,2
123,2
籽,2
教训,2
当作,2
含,2
私房菜,2
门市,2
哪有,2
放糖,2
集体,2
坡,2
意义,2
扒,2
偶然间,2
雪花冰,2
不明,2
留着,2
种,2
必定,2
热闹,2
鲜鸭,2
十一个,2
选购,2
死鱼,2
虎虎,2
事实,2
尽兴,2
容错过,2
觉,2
摩托,2
二十多,2
小鱼,2
饭团,2
甜面酱,2
温热,2
剥,2
两坨,2
结束,2
做工,2
南瓜汤,2
榴莲果,2
花生酱,2
不放蒜,2
肉丸,2
蹭,2
闪退,2
一遍,2
踢,2
中式,2
达,2
生活,2
证明,2
凝,2
纯粹,2
吆喝,2
声音,2
极少,2
闷得,2
油茶,2
圆子,2
冰冷,2
补起,2
趁热,2
清油,2
四色,2
清甜,2
鱼香茄子,2
撬,2
人人,2
卤菜,2
没煮,2
发芽,2
番茄鸡蛋,2
大锅菜,2
馆子,2
影子,2
可好,2
别提,2
1330,2
出品,2
冰爽,2
分手,2
辣到,2
地步,2
太清,2
卫生条件,2
大拇指,2
办事效率,2
刀工,2
蛮快,2
桥,2
开玩笑,2
半生半熟,2
死贵,2
阿利与艾,2
隐藏,2
缺陷,2
百合,2
想不到,2
七分,2
堂客,2
扯皮,2
买饭,2
两路,2
难看,2
走过,2
汤粉,2
巨大,2
越莓,2
没的说,2
时而,2
匿名,2
配饭,2
啧,2
买主,2
知不知道,2
新鲜肉,2
番茄鱼,2
吃水,1
脆香,1
行业,1
俩次,1
招牌菜,1
星星,1
心疼,1
加完,1
掌中宝,1
已到,1
一女,1
吃小份,1
网吧,1
指示牌,1
很补,1
开车,1
整晚,1
网购,1
吵糊,1
我勒个去,1
高些,1
我爱你,1
更行,1
四五个,1
三两个,1
喝个,1
早茶,1
小汤,1
同价位,1
能改,1
胸前,1
三朵,1
粉色,1
花里,1
纸片,1
固体,1
奶味重,1
据说,1
供货,1
碱性,1
两三家,1
博赛,1
起初,1
挑剔,1
精益求精,1
换家,1
供货商,1
面熟,1
万盛,1
牙祭,1
酒太,1
臭掉,1
川剧,1
变脸,1
每一天,1
吞下去,1
发炎,1
吞口水,1
叉叉,1
单反,1
椒麻兔,1
鱼香,1
黄鱼,1
周四,1
有所改进,1
又帅,1
小主,1
送还,1
优先,1
退鬼,1
吓人,1
作证,1
两款,1
汤套,1
万,1
马桶,1
好酷,1
烙,1
神秘,1
暴多,1
划成,1
眼见,1
份饭,1
以次充好,1
校门,1
图三,1
288,1
太低,1
地带,1
块儿,1
人够,1
中锅,1
香香的,1
半串,1
自作主张,1
换掉,1
看人,1
突出,1
炖鸡,1
羊骚味,1
放错,1
仔比,1
蔓越莓,1
巨足,1
多放醋,1
扒起,1
质疑,1
核算,1
鸡全,1
边角,1
没得点,1
生日礼物,1
两道,1
共花,1
粉转路,1
我吐,1
可想,1
店有,1
多脏,1
黄不拉,1
当人,1
马脸,1
有F购,1
回答,1
很优,1
上上网,1
端茶,1
倒水,1
味会,1
还足,1
水臭,1
避孕套,1
紫薯,1
臭闻,1
许多许多,1
对店,1
必尽,1
参加,1
相差,1
甚远,1
夹生饭,1
冰鱼,1
本色,1
憨,1
连饿,1
筒,1
小好,1
葱油饼,1
顶头,1
很肥,1
诡异,1
热烈,1
萎缩,1
果漾,1
果料,1
青年,1
千千,1
祈祷,1
人吃个,1
足足有余,1
搭理,1
取餐,1
399,1
身为,1
北方人,1
抵抗力,1
哇咔咔,1
标点符号,1
不得已,1
腌,1
大多,1
掉皮,1
全白,1
数都数,1
所用,1
写下,1
真幸福,1
就认,1
真话,1
勿,1
喷,1
做糊,1
干煸肉丝,1
冬至,1
夜人,1
卵,1
拉坏,1
烟味儿,1
太气,1
大神,1
独一无二,1
爱好者,1
六婆,1
海,1
六串,1
百闻不如,1
分类,1
各为,1
李记串串,1
隔夜饭,1
燕窝粥,1
九折,1
爱琴海,1
购物广场,1
源盏,1
干得,1
爽到,1
四季,1
冰起来,1
猎奇,1
搅,1
凉茶,1
两素值,1
昏素,1
来折,1
误导,1
对折,1
促销,1
大方点,1
包鱼,1
自认倒霉,1
热火朝天,1
好苦,1
一坐,1
B,1
糯米饭,1
挺舒服,1
家来,1
但素,1
忘上,1
重在,1
主观,1
判断,1
四五,1
家常豆腐,1
就加,1
凳子,1
没冰,1
冰块,1
舒肉,1
它家团,1
江南水乡,1
太能,1
不一会儿,1
制过,1
更软,1
流口水,1
辣惨,1
苦瓜粥,1
小颗,1
枸杞,1
玩儿,1
夫妻肺片,1
我饭,1
果茶,1
此店,1
来必,1
点龙利鱼,1
变凉,1
热茶,1
团多,1
苏荷酒吧,1
事实证明,1
太粉,1
调换,1
41,1
算贵,1
比同,1
全放,1
先炸后,1
来次,1
咸有,1
炸服,1
哦哦哦,1
退回来,1
背上,1
掰开,1
高高兴兴,1
没订,1
挺香,1
服好,1
我家人,1
坦率,1
晚安,1
桌游,1
消遣,1
笼子,1
很久以前,1
太辣鸡,1
西政,1
燕饺,1
一节,1
天生,1
低品质,1
油品,1
及少,1
欲望,1
下才,1
飞鸡儿,1
很远接,1
单被,1
短信,1
宿管,1
考试,1
别定,1
畅通,1
威胁,1
大爷,1
硬硬,1
整得,1
眼泪,1
橡皮,1
胡豆,1
还接,1
充电器,1
MUJI,1
手写,1
亲民价,1
红烧牛肉面,1
设计,1
麻辣水煮鱼,1
新新,1
PARK,1
成人礼,1
庄重,1
品位,1
长辈,1
玩耍,1
场所,1
915,1
出货,1
想必,1
言而有信,1
经营之道,1
最给力,1
爽惨,1
原汁原味,1
回味无穷,1
无穷,1
冰粥,1
熊,1
来一碗,1
十年,1
电,1
来乐,1
眼看,1
硬是,1
漂移,1
啪,1
叽,1
摔倒,1
来求,1
心理,1
阴影,1
面积,1
进不来,1
脸要,1
很杂,1
好差,1
这事,1
一大早,1
瞎搞,1
闷油,1
藤藤菜,1
厥,1
解油,1
五毛钱,1
另收,1
十几瓶,1
十五分钟,1
最烦,1
词语,1
饭缺,1
很惨,1
香茅,1
桌菜,1
几十天,1
三四个,1
直,1
上定,1
笋鸡,1
下架,1
人行,1
一两样,1
三三,1
步骤,1
考着,1
晒图,1
如记,1
真能,1
国泰,1
一波,1
地下,1
多多少少,1
高压锅,1
肠排,1
鸭丝面,1
东北饺子馆,1
最烂,1
显然,1
两眼,1
金花,1
能撑,1
烧鸡公,1
农家鸡,1
虾少,1
三顿饭,1
包裹,1
硬干,1
烹饪,1
技法,1
铺,1
突发奇想,1
回潮,1
浦烧,1
盼到,1
白曾,1
我肉点,1
大礼,1
承受,1
多吃点,1
很想,1
感觉不好,1
堵车,1
路费,1
投贵,1
自驾,1
冷死,1
我啦,1
凭感觉,1
出众,1
看运气,1
巴到,1
112,1
有微,1
鸭皮,1
招聘,1
菜双,1
蛇段,1
转悠,1
面前,1
放雨里,1
摩托车,1
伞,1
还付,1
豁人,1
萝卜丝,1
鱼骨头,1
称赞,1
摆桌,1
传承,1
中算,1
待人,1
亲和,1
此祝,1
红红火火,1
咬起来,1
减券,1
满减,1
卖批,1
好几把,1
找点,1
鸡血,1
没定,1
非去不可,1
土地,1
纯天然,1
会常,1
预估,1
足球,1
剪短,1
叉烧饭,1
事物,1
那一,1
空,1
分钱,1
物流,1
统一,1
每家店,1
臊,1
实,1
奶冻,1
油油的,1
质优,1
得闷,1
落下,1
收着,1
印度菜,1
异域,1
风情,1
有次,1
好几根,1
腾腾,1
逑,1
变通,1
从头到尾,1
说切,1
不切,1
两江,1
一览无遗,1
饱眼福,1
口福,1
香有脆,1
勉勉强强,1
满嘴都是,1
黑糊糊,1
蔡,1
果饮,1
带肉,1
咸咸的,1
二十元,1
带回,1
粗粮,1
土司,1
二十多块,1
开水烫,1
良知,1
香料,1
这么晚,1
人会,1
原定,1
小伙子,1
可称,1
大王,1
资料,1
定购,1
学过,1
元个,1
八折,1
太有,1
懒人,1
俄罗斯,1
飞天,1
辣子肥肠,1
33,1
祖宗,1
你和我,1
点外,1
高来,1
纳闷,1
心想,1
当点,1
中有,1
狂叫,1
狗拉好,1
没礼貌,1
家教,1
犯了错,1
没教过,1
技能,1
咬人,1
每家,1
撒腿就跑,1
金额,1
生啤酒,1
五十块,1
就是面,1
用面,1
图个,1
浓重,1
通风,1
做个,1
能别,1
参假,1
狼牙,1
黑黢,1
柠檬和,1
比茨,1
墨绿色,1
金色,1
四百多,1
农夫山泉,1
一钵,1
比植脂,1
健康的,1
杂粮,1
虾太多,1
坐地铁,1
上门去,1
螺师粉,1
订书针,1
完到,1
酸辣汤,1
高高的,1
鲳鱼,1
鹌鹑,1
三四年,1
自创,1
腌料,1
选个,1
批发,1
袋装,1
鸡珍,1
这味,1
钻研,1
替,1
挽留,1
忘不了,1
骚臭,1
骚,1
山羊,1
开设,1
x,1
鸡巴,1
着急,1
花椒面,1
堆,1
烂成,1
崩,1
大同小异,1
找店,1
医药费,1
弄坏,1
搞家,1
人命关天,1
江北,1
二三个,1
烟,1
晒,1
鸡胸,1
删了,1
考验,1
地少,1
剪碎,1
蛋仔,1
05,1
分订,1
四五道,1
临时,1
菠萝蜜,1
下滑,1
太熟,1
个度,1
拉着,1
嫂子,1
郁闷死,1
个别情况,1
团一波,1
牌坊,1
龙啸,1
怀孕,1
多月,1
加量,1
水面,1
漂浮物,1
肉干,1
一肚子火,1
扑面而来,1
嚼蜡,1
特惠,1
汇香,1
掌翅,1
扣钱,1
飞来,1
麻放,1
适应,1
看样子,1
只带,1
几罐,1
端起,1
全到,1
空盘,1
弄成,1
嫌,1
差别待遇,1
不写,1
有良心,1
吃进,1
特么,1
十二块,1
附图,1
湿软,1
水够,1
四选,1
臭特,1
放弃,1
半吊子,1
来点餐,1
说不定,1
还特,1
没黑,1
焦黑,1
小土豆,1
田园,1
米糊,1
米团,1
老主顾,1
酒加,1
人特,1
我图,1
霸王,1
软嫩,1
塞牙,1
面做,1
等一等,1
长丑,1
车车,1
教早,1
再回,1
完肉,1
难忍,1
老样子,1
萝卜汤,1
我多花,1
拿回去,1
最深,1
视野,1
鸟瞰,1
九十九,1
券补,1
普拉那,1
每周六,1
切薄点,1
自行,1
全麻,1
放不放,1
外星,1
冰都化,1
好菜,1
涪陵,1
木有入,1
意式,1
狗儿,1
冰淇凌,1
没用到,1
吐血,1
老花,1
八大,1
三两面,1
撑不住,1
成熟,1
没换,1
利嘴,1
发帖,1
平底,1
色拉油,1
常用,1
面先,1
吃现,1
中加,1
低廉,1
素点,1
不必,1
二是,1
一中,1
地向,1
爆豆,1
275,1
运费,1
买买,1
946,1
无数个,1
求赞,1
多言,1
逛公园,1
带毛得,1
大陀,1
内脏,1
改刀,1
留恋,1
解暑,1
必备,1
没照,1
有麻有,1
细细品味,1
半条鱼,1
哈嘛,1
中国银行,1
配齐,1
6666,1
清静,1
加水煮,1
不均,1
连在一起,1
正阳,1
黑豆花,1
竹筒,1
马德,1
买不起,1
鱼尾,1
火烧,1
太丑,1
坐飞机,1
个味,1
恶习,1
有你,1
不闻不问,1
过气,1
一万个,1
节日,1
神器,1
难忘,1
认不出来,1
老油味,1
高哟,1
媳妇,1
二份,1
浓汤,1
果木,1
进货,1
渠道,1
融为一体,1
强大,1
半块,1
美客,1
搅碎,1
酸痛,1
月销量,1
几千,1
卖出去,1
t,1
赚黑心钱,1
不得好死,1
茉香奶,1
普遍,1
不愿,1
u,1
糯米糍,1
回香,1
吃海,1
海产品,1
2210,1
2250,1
0002,1
送迟,1
起水,1
这店,1
凶得,1
我付,1
有理由,1
卖力,1
票号,1
维达,1
碎花,1
抽纸,1
好感度,1
暴增,1
一尝,1
尝出,1
高粱,1
再淡,1
会鲜,1
邀请,1
返,1
报,1
订好,1
烤羊肉串,1
串烤,1
外皮,1
哈卵,1
五片,1
打跃,1
咸蛋,1
闲远,1
老婆婆,1
餐晚,1
农家菜,1
仙女,1
镇,1
胖妹,1
馊掉,1
友人,1
新天,1
干辣椒,1
爱美,1
长根,1
一百块,1
钱肉,1
桑葚,1
生死,1
改口说,1
问快,1
好了吗,1
没取,1
报错,1
52,1
气人,1
中杯,1
十一点左右,1
实称,1
白开水,1
宅急送,1
昆山,1
干一行,1
一行,1
碎配,1
西州,1
蜜瓜,1
公斤,1
叫个,1
脑子,1
生点,1
毛差,1
原料,1
现加,1
拿铁咖啡,1
清闲,1
有书,1
慢品,1
时光,1
卷饼,1
辣爽,1
多得多,1
地赞,1
没评,1
飓风,1
龙眼,1
分为,1
三层,1
灶,1
吐惨,1
心肝,1
脾肺,1
肾,1
卫,1
韩国料理,1
韩剧,1
集,1
部队,1
片段,1
趁,1
本家,1
一饱口福,1
韩国菜,1
后劲,1
每点,1
总能,1
没少,1
汉拿,1
远才,1
百种,1
那面,1
剩得,1
心知肚明,1
小石子,1
淘,1
激怒,1
餐饮行业,1
兢兢业业,1
取代,1
臭猪,1
没压,1
蟹宝,1
四分,1
美意,1
ktv,1
动物,1
粗心,1
亦,1
挺值,1
聊聊天,1
没吃够,1
南,1
冷锅鱼,1
另付,1
想家,1
一间,1
屋子,1
追加,1
没得气,1
干兹兹,1
第二口,1
菌类,1
熬出来,1
坝子,1
差一,1
,1
有趣,1
评要,1
问有,1
钵,1
级别,1
出乎意料,1
周,1
事实上,1
晃,1
催促,1
真真是,1
补充,1
蛋白质,1
餐就团,1
麻麻,1
红糖醪糟汤圆,1
乐购,1
口碑,1
防空洞,1
那次,1
烧烂,1
脊背,1
调大,1
菜能,1
碎屑,1
哎望,1
长时间,1
搞好,1
白天,1
芝麻糊,1
囗,1
味细,1
强制,1
捏,1
所点,1
小酌,1
汉,1
撕,1
包都,1
居民,1
洋人街,1
游玩,1
步行,1
方圆,1
觉人,1
扯淡,1
例,1
哪次,1
有能,1
如今,1
脑海,1
回荡,1
轮流,1
吐胃,1
下降,1
反省,1
无视,1
气惨,1
咬一口,1
点咯,1
玉米粥,1
卡布,1
其诺,1
大屏幕,1
伤人,1
手机套,1
杀,1
驻,1
设备,1
节奏感,1
小辣,1
拿点,1
一米,1
蔬菜汤,1
综合,1
云腿,1
偏苦,1
几百,1
能带,1
二点,1
一十五,1
稀锅,1
容得,1
料理店,1
兼职,1
谭姐,1
特棒,1
思密达,1
银河,1
南非,1
红西柚,1
450,1
差些,1
有细,1
果琳,1
轻易,1
生煎,1
南平,1
辣子兔,1
好说话,1
妥,1
妥够,1
56,1
喝喝,1
看会书,1
第一道,1
期待值,1
加以改进,1
惺,1
海味,1
点汤,1
咽下去,1
几点,1
八点半,1
打劫,1
只大狗,1
挺乖,1
嘞,1
排店,1
清单,1
不硬,1
有生之年,1
美食街,1
采摘,1
洒水,1
快拉,1
芋园,1
两分,1
我连个,1
怪不得,1
害怕,1
暴制暴,1
来得快,1
臭烘烘,1
鳃,1
膏,1
冷完,1
柴,1
送早,1
吃素,1
炸弹,1
盖奶,1
多层,1
鱼比,1
餐员,1
条狗,1
加餐,1
厚实,1
边缘,1
雷,1
放蛋,1
耳根,1
新鲜出炉,1
够劲,1
什锦菜,1
单说,1
没配,1
一嘴,1
馋,1
没事儿,1
酿,1
喝太多,1
肉感,1
大桌,1
那去,1
心心念念,1
豪华版,1
有加,1
泡软,1
停电,1
好别,1
奶奶,1
开水,1
114,1
图二是,1
酥脆可口,1
实验,1
好辣要,1
老熟人,1
形状,1
第二个,1
店团,1
点错,1
四分钟,1
权益,1
商店,1
太自,1
顾不上,1
这算,1
号称,1
爱马仕,1
料少,1
饭希,1
哑哑,1
奉劝,1
拿饭,1
自信,1
豆能,1
糊弄,1
很坏,1
心情坏,1
多难,1
前好,1
面团,1
淡得,1
梦,1
分菜,1
很烂,1
加入,1
莱得,1
恶辣恶,1
重要性,1
F在,1
,1
抵用,1
F金r,1
@句,1
,1
},1
u,1
,1
印到,1
拇,1
充,1
竟,1
,1
C,1
吼,1
爷爷奶奶,1
U,1
打饭,1
饭盆,1
桌角,1
滑过来,1
撞,1
Wifi,1
原创,1
幼儿园,1
大号,1
坐位,1
慢不说,1
料酒,1
三十几块,1
蝴蝶酥,1
包含,1
小挤,1
成年,1
环境宽松,1
不负责任,1
毛血,1
味全,1
说句话,1
受,1
非人,1
虐待,1
发育不良,1
一生,1
条腿,1
钳子,1
不忍心,1
残忍,1
乌龙茶,1
多油,1
清早,1
八晨,1
倒进来,1
工会大厦,1
尚有,1
]能,1
设,1
标明,1
何种,1
缺点,1
芝麻酱,1
快到,1
送员,1
47,1
高分,1
二话没说,1
利索,1
金刚,1
咖啡厅,1
先苦,1
秘制烤翅,1
长串,1
等久点,1
放油,1
美极了,1
二分之一,1
屋头,1
声,1
非尝,1
新天地,1
母蟹,1
成分,1
杂物,1
很融,1
切好,1
高估,1
吃太多,1
刚出,1
热乎乎,1
终点站,1
称好,1
去留,1
连带,1
上市,1
金城,1
毫不,1
coco,1
相提并论,1
西米露,1
夏季,1
冰凉,1
老式,1
赠品,1
五次,1
不讲道理,1
官方语言,1
搪塞,1
伴随,1
五花八门,1
三四次,1
怀念,1
平平,1
便捷,1
那会点,1
那会,1
包包,1
的小酒,1
酒杯,1
好乖,1
略少,1
七元,1
会退,1
我祝,1
小人得志,1
来怪,1
豆干儿,1
大排,1
五六块,1
太傅,1
一课,1
二号,1
门去,1
开发,1
整份,1
不可思议,1
最正,1
别特,1
最合适,1
婆婆,1
叠加,1
累计,1
推],1
去,1
一,1
|西太少,1
语言表达,1
金科,1
橙色,1
谭,1
木匠,1
口渴,1
肉太少,1
地到,1
辣巴客,1
豚,1
少饭,1
咸奶,1
满意哦,1
连汤,1
炭,1
麻里,1
而出,1
剩钱,1
想用,1
牵肠挂肚,1
兔腿,1
走菜,1
溪沟,1
静园,1
门牌,1
不易,1
橱柜,1
有青,1
咸淡适中,1
没撒子,1
过早,1
能取,1
空间,1
理睬,1
杀死,1
现上,1
为什,1
住院,1
零时,1
喊餐,1
增饮,1
很迟,1
敏敏,1
手法,1
米心,1
罪受,1
老到,1
小地方,1
99,1
蒸熟,1
山寨,1
元哥,1
赏,1
菜场,1
捡回来,1
家要,1
好些,1
意念,1
小家,1
土鸡,1
舜天,1
漏送,1
哪去,1
解决方案,1
蜜蜂,1
变异,1
硬着头皮,1
狠,1
发觉,1
收藏,1
四年,1
表情,1
摆脱,1
然并,1
卵用,1
股味,1
红花,1
药的,1
1207,1
1242,1
鲜开,1
无须,1
句,1
没油,1
看法,1
春节,1
因,1
太多,1
胖,1
,1
人F,1
c了,1
提拉米,1
K,1
有芋,1
A什N,1
}代X,1
不,1
太,1
,1
o,1
我,1
服,1
一,1
半杯,1
下料,1
重新点燃,1
定期,1
SM,1
LG,1
傻乎乎,1
热呼呼,1
肉包,1
多样化,1
崩烂,1
地沟,1
鸡血汤,1
简装,1
随处,1
三十多个,1
冷冻货,1
真当,1
小半碗,1
回甜,1
草泥马,1
盖红,1
赵,1
大妹,1
新世界,1
四楼,1
适适,1
点赞点,1
偏高,1
轮,1
东南亚,1
鱼里,1
苦胆,1
扣干净,1
瞌睡,1
好且,1
过水鱼,1
兔肉,1
低端,1
买杯,1
desu,1
十几样,1
老好,1
二字,1
迷惑,1
正合适,1
不加,1
愿能,1
巴味鱼,1
三豆饭,1
咸香,1
按条,1
真赞,1
索道,1
勒个,1
留言,1
荤豆花,1
硕大,1
刚丝,1
上海,1
乖乖,1
足得,1
五脏六腑,1
闺蜜聚,1
撑得,1
龙凤,1
担担面,1
116,1
摊,1
切片,1
汉拿山,1
出自,1
不长,1
残疾人,1
心碎,1
虾油,1
时闻,1
几位,1
小帅哥,1
逢,1
闹麻,1
最惨,1
化验,1
挂羊头卖狗肉,1
名头,1
熏天,1
软件,1
塘塞,1
热得,1
柜台,1
锋邸,1
烤烤,1
相比之下,1
逊色,1
夏威夷,1
加些,1
小青椒,1
肉酱,1
安安静静,1
开发票,1
四人团,1
极小,1
羊肉汤锅,1
好人,1
汤水,1
小宝宝,1
大有,1
舒缓,1
伴奏,1
西餐,1
十几杯,1
战斗力,1
脏乱差,1
讲卫生,1
十二个,1
乐不,1
王哥,1
已酸,1
下课,1
催过,1
哈马,1
要来点,1
最足,1
米粥,1
428,1
小盒,1
突尼斯,1
改观,1
肥腻,1
华夫饼,1
柳丁,1
1020,1
极高,1
帅气,1
成型,1
锡纸,1
脑花豆,1
偏偏,1
拾金不昧,1
火星,1
中的样,1
店好,1
我爸,1
出点,1
该付,1
我到,1
餐后,1
再付,1
鸡丝,1
蕨,1
乔迁,1
新居,1
急,1
原,1
进行,1
改动,1
后患,1
眼睁睁,1
买面,1
强烈要求,1
费劲,1
不向,1
整整齐齐,1
竹荪鹅,1
有烂,1
洋玉,1
黄秧白,1
搞搞,1
违反,1
大老远,1
发展,1
中部,1
面之,1
酸笋,1
螺狮,1
跟上,1
冰棒,1
1356,1
不作,1
盐太多,1
鸡饭,1
散碎,1
一大截,1
从九栋,1
重电苑,1
穿衣服,1
嗦,1
绕,1
躲,1
码到,1
各项,1
使人,1
{,1
制做,1
色彩,1
迷人,1
厅堂,1
山城,1
啤酒罐,1
马,1
要放菜,1
众多,1
回事,1
漏放,1
12345678946513,1
黄牛肉,1
冲过去,1
臊子,1
甜酒,1
干水,1
否,1
比上,1
异乡,1
黄金周,1
凄凉,1
兜兜,1
转转,1
UME,1
吓一跳,1
喝粥,1
差有,1
图有,1
有说有笑,1
程序,1
办理,1
放开,1
新年,1
三分之二,1
囤,1
喝哟,1
喝多,1
黑糖,1
礼拜,1
购物中心,1
L5,1
宽,1
吃喝玩乐,1
御粥坊,1
多汁,1
咬起,1
一桶,1
香草,1
奶绿,1
阵阵,1
香气,1
说少,1
足下,1
张妈,1
暑假,1
有口福,1
辣辣辣,1
协商,1
不假,1
计较,1
店多,1
受凉,1
经历,1
鱼馆,1
城市花园,1
充分体现,1
最佳,1
去处,1
鱼密制,1
问要,1
围裙,1
溅,1
衣服,1
安稳,1
太多菜,1
餐馆老板,1
饭馆,1
睡不着,1
菜味,1
较长,1
加瓶,1
孔雀,1
饭挺香,1
搓,1
酒糟,1
别问,1
原图,1
真头次,1
封口,1
炒干,1
小红帽,1
还发,1
吸油,1
歇歇脚,1
服饰,1
耳,1
多放辣,1
计算机技术,1
放慢,1
传送带,1
来供,1
拿捏,1
稳定,1
餐巾纸,1
鼻涕,1
两和人,1
江风,1
爆粗,1
散成,1
没吃成,1
巴起,1
厂区,1
来个,1
墙上,1
画,1
手绘,1
市井,1
文化,1
剪烂伴,1
几十年,1
不干,1
出身,1
烤羊肉,1
烤个,1
早起,1
午味,1
婚,1
寿宴,1
茄蛋饭,1
腻味,1
比点餐,1
绿色食品,1
喝啤酒,1
配不起,1
果蔬,1
签收,1
有心,1
位于,1
渝中区,1
号门,1
背面,1
大门口,1
马家堡,1
穿过,1
公交车站,1
号线,1
内有,1
停车场,1
容纳,1
收银台,1
取号,1
万万,1
恶搞,1
898,1
辈子,1
上选,1
低分,1
路痴,1
不周到,1
喝水,1
菜四人,1
38,1
可以信赖,1
汤分,1
粉都融,1
乏力,1
开放式,1
看新,1
邪,1
一早,1
人间,1
我带,1
叮嘱,1
多足,1
脏水,1
巨臭,1
莲,1
白吃,1
土,1
卷码,1
有序,1
足量,1
配有,1
方桌,1
当大份,1
理直气壮,1
六点半,1
核桃仁,1
有糖,1
闷人,1
老客,1
饮料瓶,1
绝味鸭脖,1
到头来,1
塞牙缝,1
有点儿,1
太不甜,1
奥体中心,1
各位朋友,1
怒点,1
犟,1
事后,1
将近,1
马起,1
脸,1
得罪,1
她样,1
还嘿,1
妖言,1
论坛,1
网络,1
帖子,1
炒肉,1
九龙坡,1
延迟,1
菜加,1
四瓶,1
酒才,1
对象,1
不留情面,1
香味儿,1
看图,1
拍摄,1
尝下,1
酸爽,1
冰渣,1
没酱,1
消化,1
睡上,1
这番,1
潜腹,1
后背,1
顿时,1
感知,1
不能忘怀,1
绝了,1
两三份,1
蓝色,1
解,1
鱼烂虾,1
手洗,1
蒜味,1
黏,1
熟食品,1
事儿,1
烧饼,1
超嫩,1
挑出来,1
资格,1
切厚,1
辣锅,1
332,1
85,1
连送餐,1
方向,1
融,1
生抽,1
青,1
湿气,1
极低,1
扎扎,1
拼装,1
照烧,1
洋葱味,1
相应,1
多得,1
有用,1
一次次,1
绽放,1
端到,1
新来,1
骨汤,1
那层,1
很弹,1
牛肉拉面,1
甜玉米,1
一手,1
瓶上,1
顶级,1
受限于,1
影都,1
怡宝,1
一听加,1
奇士,1
橙,1
消灭,1
楚留香,1
年少,1
丁香酒吧,1
郁金香,1
三点半,1
不差,1
直消,1
借用,1
买卷,1
看哈嘛,1
虚伪,1
觉悟,1
错误,1
冠冕堂皇,1
决心,1
多高,1
迫于,1
进进出出,1
唬,1
运营,1
许可证,1
核桃肉,1
吃绝,1
胡味,1
三碗,1
火锅串串香,1
一罐,1
三到,1
骨牛排,1
纯辣,1
黑死,1
假肉,1
没过几天,1
虎皮,1
现炸现,1
新炸,1
波菜,1
人面,1
南方,1
当代,1
我以,1
人格保证,1
抹黑,1
明,1
供嘴,1
没图,1
233,1
牛君,1
骰子,1
赌神,1
小车,1
负点责,1
别开,1
寄过来,1
没装,1
损坏,1
打电,1
啊呀,1
贱,1
非买,1
小两口,1
阳光家园,1
铁少,1
有机,1
会试,1
山珍,1
丧尸,1
下泄,1
算账,1
小台,1
农芒,1
上班族,1
鱼超,1
快烂,1
专挑,1
苹果梨,1
恹恹,1
不散,1
乐园,1
最多值,1
110,1
解馋,1
冷菜,1
配干油,1
火鸡,1
胸加,1
兴奋,1
每桌,1
折下来,1
回家路上,1
实习,1
定个,1
心意,1
中央空调,1
今常,1
腰果,1
不宣闹,1
还景,1
~有,1
r美,1
每尝,1
会点,1
一冷,1
什,1
麽,1
跨年,1
双黄,1
2015,1
好兆头,1
打底,1
兮兮,1
来思尔,1
带进来,1
餐凳,1
带筋,1
酒精度,1
刮喉,1
不予,1
哄,1
好鸡儿,1
好凶,1
当老板,1
泸州,1
可笑,1
拘束,1
文理学院,1
糖醋鱼,1
蛋汤,1
十四个,1
水煮鱼,1
迟得,1
鱼鱼,1
木马,1
往下走,1
七八分钟,1
爽翻,1
连白,1
雨下,1
调整,1
额是,1
十号,1
北环,1
麻痹,1
嘴馋,1
立白,1
洗衣,1
液是,1
狡辩,1
文星,1
湾,1
多远,1
半左右,1
称道,1
脆肠,1
黄桃味,1
银行,1
搬,1
自来水,1
没说的,1
满贵,1
但算,1
团个,1
非说,1
剥不出,1
得不到,1
市委,1
点晚,1
蛋里,1
还评,1
肥美,1
换碟,1
没骨头,1
全碎,1
饭稀,1
七,1
丑丑,1
猕猴桃,1
皮干,1
刀,1
削,1
没人会数,1
个天,1
星空,1
v,1
三家,1
鲜鲜,1
合,1
兔仔,1
自,1
十一点多,1
订起,1
家退,1
一等,1
一两点,1
货送,1
退掉,1
单品,1
工作台,1
会漫来,1
考量,1
送上来,1
买回来,1
毒,1
输液,1
菜脏,1
油脏,1
糙,1
开得,1
喝成,1
好几杯,1
妹纸,1
幸福感,1
小青蛙酒吧,1
小路,1
雨水,1
打湿,1
荣品,1
打开门,1
伸手,1
接饭,1
不顾,1
楼道,1
红烧兔,1
熟练,1
迷糊,1
鹅肉,1
加粉,1
卫生标准,1
屈指可数,1
友来,1
怨念,1
好深,1
检查一下,1
黑椒牛柳,1
仔饭,1
渣盘,1
海鲜大排档,1
升级,1
大厨,1
顾不过来,1
菜配,1
加油站,1
皮肤,1
很白,1
有面子,1
机器人,1
摆龙门阵,1
很能闻,1
写得,1
接过,1
转身,1
歉,1
两笼,1
辣条味,1
穿堂风,1
爆满,1
人多要,1
还选,1
星是,1
而评,1
面坨,1
点面,1
炒鸡蛋,1
黑暗,1
芙蓉,1
能咽,1
觉着,1
太难,1
过路,1
屋子里,1
收下,1
超重,1
几丁肉,1
鱼太,1
绰绰有余,1
期待已久,1
实打实,1
玩想,1
餐要,1
三件,1
请吃,1
干杂,1
中午饭,1
吃得完,1
黄金甲,1
送费,1
尽责,1
踩扁,1
随缘,1
缓解,1
输水,1
诊断,1
胃肠炎,1
女同事,1
站不稳,1
得出结论,1
鲜排,1
腊排,1
不大好,1
说腊,1
更大,1
开窍,1
管事,1
传话,1
几包,1
鲜甜,1
大快朵颐,1
绝逼,1
热量,1
忌嘴,1
之少,1
稀稀,1
容忍,1
穿插着,1
肿瘤医院,1
温温的,1
筋头,1
粉红,1
我尝,1
现象,1
浑身,1
海草,1
比点,1
素排,1
假面,1
大膏肥,1
太足害,1
长肥,1
店点餐,1
缺斤,1
少量,1
泡沫,1
餐好点,1
高雅,1
听见,1
拉不起,1
非黑,1
地说,1
鱼有,1
缩水,1
硬成,1
铁块,1
得一,1
会议,1
开餐,1
没得莱得,1
一锤子买卖,1
炸酱,1
靖哥哥,1
纯手工,1
章鱼,1
加豆,1
扎起来,1
想吐槽,1
力荐,1
送加,1
微甜,1
白胡椒,1
掏,1
鸟窝,1
逼店,1
杂种,1
肚子饿,1
目前为止,1
农民,1
物价,1
上涨,1
宠物,1
六块,1
多大,1
变化,1
全熟,1
可常去,1
多开,1
开瓶器,1
太水,1
切烂,1
饭太拉几,1
十多岁,1
身份,1
汗水,1
直流,1
莫说,1
看得见,1
自由选择,1
不愉快的,1
这怕,1
维,1
菊花茶,1
卤好,1
干爽,1
金黄色,1
泛白,1
名声,1
四十多,1
磁器,1
三千,1
水牛,1
毛肚火锅,1
变样,1
不油,1
大半天,1
包饭,1
高品质,1
餐送,1
退餐,1
好笑,1
蒜苔,1
炒肉放,1
甜甜圈,1
承诺,1
带我去,1
三量,1
梭边鱼,1
海盗船,1
皮串,1
整吐,1
周六日,1
能用,1
手拉手,1
算蛮,1
设施,1
妈呀,1
毛不说,1
青波,1
环形,1
放菜,1
人物,1
新西兰,1
饱满,1
说句实话,1
我见,1
改行,1
臭豆腐,1
洁癖,1
焊,1
干里,1
填饱,1
订货,1
有偶,1
搅拌,1
甜口,1
化学,1
莫名,1
火火,1
坐起,1
记起,1
坐得,1
瘪,1
骗钱,1
花话,1
离不开,1
似火,1
炸药包,1
防弹衣,1
甚,1
录,1
视频,1
却发,1
提上去,1
欢欢,1
微笑服务,1
波比,1
肉豆,1
骚味,1
费高,1
越香,1
到来,1
订到,1
来订,1
眼前,1
快快,1
重量,1
高于,1
市价,1
买卖合同,1
构成,1
合同,1
公平,1
卖方,1
上锅,1
听不清,1
尾肉,1
起渣,1
白净,1
r岸,1
偏向,1
位女,1
一出,1
排够,1
脸拉,1
美国,1
恐龙蛋,1
嫣,1
蛋黄酱,1
超配,1
好会,1
精嘛,1
圣诞节,1
餐就点,1
餐都凉,1
马卖,1
鸡油,1
浑,1
需谨慎,1
没试,1
我来,1
必点腊,1
鲜方,1
一打,1
索性,1
似乎,1
伙食,1
抵现,1
更加,1
柠檬茶,1
西果乐,1
水分,1
推销,1
补货,1
重啤,1
一滩,1
呕吐物,1
巨酸,1
上井,1
淡点,1
轻点,1
白饭,1
上洒点,1
柳橙,1
汀,1
不锈钢,1
焦成,1
特爱,1
最爱,1
太苦,1
胚子,1
一整块,1
一多半,1
魄力,1
188,1
看肉少,1
欣慰,1
五指,1
某途,1
装起,1
尝过,1
好坏,1
不换,1
油要,1
净,1
比性,1
价高,1
好玩儿,1
软掉,1
跑遍,1
花鲢鱼,1
海边,1
圣子,1
真勒,1
所为,1
山椒,1
脚板,1
一干二净,1
无需多说,1
元热,1
今年,1
坐等,1
元团,1
回龙,1
路靠,1
一段路,1
冷僻,1
牛游,1
牛仔,1
坚持下去,1
西游,1
山林,1
入驻,1
情形,1
大有好转,1
成行,1
成市,1
发力,1
眼界,1
放宽,1
恶性竞争,1
共同进步,1
焙里,1
思美味,1
之旅,1
咸鱼,1
豆豉,1
野,1
还配,1
自取,1
碎料,1
干干净净,1
台上,1
爽呆了,1
忧伤,1
妈蛋,1
删,1
真事,1
冬瓜汤,1
棚,1
遮阳,1
幌子,1
砍,1
白看,1
没味儿,1
受够了,1
零花钱,1
偷偷,1
只顾,1
弥补,1
遭殃,1
娘,1
谁家,1
看个,1
尽量,1
攻击,1
多盒,1
排里,1
泡鸡排,1
郑重,1
申明,1
2017,1
日晚,1
小美女,1
超差,1
很软,1
很水,1
鱼头豆腐汤,1
力挺,1
亨受,1
钟水饺,1
龙抄手,1
人开,1
管够,1
合法,1
骨干,1
别桌,1
一尺,1
多长,1
图为证,1
挂掉,1
光品,1
七块,1
铜锣烧,1
圈来,1
男孩子,1
子好,1
淡然,1
好吃街,1
一想,1
祝福,1
吩咐,1
养胃,1
极佳,1
230,1
900,1
浆糊,1
均匀,1
起手,1
先送,1
下肚,1
热额,1
坐货梯,1
上团,1
超极,1
看出,1
过久,1
锅选,1
家团,1
一地,1
全拉,1
晕菜,1
不能不要,1
维怡,1
辣比,1
向食,1
药监局,1
截图,1
两对,1
略闷,1
混有,1
让给,1
三天两头,1
很烦,1
室内,1
咸好,1
最能,1
餐吧,1
灯影牛肉,1
散装,1
优质,1
咖喱牛肉,1
手撕牛肉,1
尺寸,1
煮热,1
啤,1
从业人员,1
厨具,1
馄饨,1
金翠河,1
帕,1
帕罗,1
蒂,1
周游世界,1
墨西哥,1
国外,1
攻略,1
干货,1
篇重,1
细致入微,1
提货,1
折腾,1
没关系,1
尽早,1
水滴,1
下雪,1
热点,1
现煮,1
芳姐,1
粗心大意,1
给芳姐,1
工人,1
国庆节,1
摇,1
每隔,1
站台,1
人暴,1
卖不出去,1
销货,1
最小,1
三包,1
我太忙,1
]去,1
一个天,1
还小得,1
拨开,1
拔,1
完鸡,1
面和炸,1
克装,1
香味扑鼻,1
实有,1
闭壳,1
快帅酷,1
起床,1
购得,1
胃部,1
冷汗,1
恍恍惚惚,1
一般来说,1
光滑,1
汽博,1
天差地别,1
泡水,1
夏威夷果,1
全身,1
发麻,1
一不小心,1
职业,1
操守,1
他会,1
机关,1
我本,1
尝到,1
此位,1
竹签,1
豆腐鱼,1
土豆饼,1
福袋,1
开年,1
嘿好,1
河边,1
大骨头,1
长久,1
桌布,1
_,1
龟速,1
满脸,1
痤疮,1
疤痕,1
插队,1
前头,1
队列,1
看不下去,1
恐怕,1
强给,1
比说,1
好哇,1
刚到,1
这块,1
坯子,1
夹层,1
a,1
梦好萌,1
宝贝儿,1
三杯鸡,1
超低,1
半夜三更,1
面部,1
发白,1
身体健康,1
忠告,1
好几条,1
换餐,1
营养餐,1
布朗,1
尼斯,1
比庆儿,1
双福,1
尝一尝,1
大葱,1
装盘,1
门诊,1
那年,1
八月,1
北碚,1
三四分钟,1
一十,1
高朋满座,1
油炸食品,1
同学聚会,1
这桌,1
现收,1
那桌,1
中等偏上,1
呜呜,1
节前,1
昨天下午,1
吹牛,1
资深,1
度,1
点才行,1
鱼选,1
食量,1
惊人,1
裸,1
桂鱼,1
没多大,1
费和油,1
五十三,1
锅点,1
东原,1
院里,1
最先,1
桌椅,1
铝箔,1
盒里,1
装点,1
研究,1
癣,1
粘糊糊,1
板着脸,1
装逼,1
天冷,1
点红汤,1
割,1
哈喉,1
生生的,1
一志,1
戳穿,1
问号,1
三回,1
油少,1
盐水,1
盒盖,1
内侧,1
上周末,1
两袋,1
带回去,1
饥饿,1
挺赞,1
空气,1
杯茶,1
去皮,1
尖椒肉丝,1
留个,1
挑起来,1
都还不,1
两分钟,1
片片鱼,1
庆贺,1
侯,1
拖,1
午睡,1
打得,1
吃不上,1
不起作用,1
纸屑,1
字体,1
炸熟,1
三斤,1
350,1
餐饮业,1
不是故意,1
损,1
想不通,1
换大,1
皮下,1
不论是,1
感到,1
多收,1
可不是,1
特会,1
平淡,1
大白菜,1
变浅,1
盛饭,1
一端,1
去订,1
双椒鸡,1
饭热,1
胃疼,1
破店,1
海棠,1
晓月,1
姜母,1
四碗,1
米左右,1
笑眯眯,1
铺底,1
粉末,1
连锁,1
小孔,1
遮不住,1
这肉,1
一只鸡,1
用大,1
砍成,1
超多冰,1
黑大,1
天润,1
个面,1
小点心,1
多吃些,1
三角,1
四角,1
两角,1
六七点,1
很痛,1
消化不良,1
优越,1
现调,1
理刺,1
人光,1
提个,1
那鸡,1
斗,1
专用,1
湿纸巾,1
热过,1
保温,1
祝福语,1
歪,1
全靠,1
移动,1
通信,1
有豆,1
粉丝汤,1
三关,1
有单,1
不闹,1
八人,1
五六个,1
言语,1
指,1
保利,1
万宁,1
桐君阁,1
楼梯,1
十楼,1
放太多油,1
放点,1
这酸爽,1
快来,1
第二遍,1
客观,1
人买,1
姜葱,1
高贵,1
酒楼,1
盈嘉,1
一百个,1
这辈子,1
炒肚条,1
带人,1
最多晚,1
嵌,1
解惑,1
大爱千页,1
先给,1
咨询,1
多只,1
饭上,1
颗颗,1
只见,1
老姜,1
姜丝,1
乌龟,1
骑个,1
车子,1
木签,1
减肥,1
不在乎,1
很劲道,1
才现,1
杨金莲,1
货员,1
比基尼,1
牙签肉,1
赵记小,1
大到,1
激情,1
跳,1
小苹果,1
活力,1
炒肉加,1
李大,1
仁是,1
无香,1
急事,1
冰袋,1
愁,1
微信发,1
粤菜,1
推脱,1
放料,1
大增,1
十瓶,1
早些,1
目测,1
年纪,1
忒,1
配酱,1
红心,1
36,1
慎重考虑,1
28,1
色情,1
支付,1
不管是谁,1
动态,1
天送,1
浓烈,1
刘一手,1
起爽,1
泼,1
配上,1
大胃,1
觉得很有,1
嘉陵江,1
点哩,1
炸鸡块,1
拿成,1
玉米浓汤,1
摆设,1
米皮,1
花瓣,1
英寸,1
爱情,1
同城,1
大坨,1
装备,1
奇香,1
奇臭,1
没切,1
太过,1
闷菜,1
几回,1
改良,1
怎么弄,1
选择性,1
例汤,1
算个,1
服物,1
皮大,1
肉馅,1
太淡,1
咸不,1
咸甜,1
倍儿棒,1
复杂,1
马路上,1
底朝天,1
刺太多,1
生滚,1
放入,1
好了吧,1
震动,1
发出,1
鸣叫,1
配在一起,1
格外,1
有面,1
灰常棒,1
生滴,1
几棵,1
降低成本,1
荷叶,1
加快,1
活羊,1
层皮,1
很滑,1
红茶,1
主打产品,1
满月,1
家鸡,1
李记,1
心真,1
红包,1
死久,1
鸡味,1
提不起,1
兴趣,1
不劲,1
听装,1
甲鱼,1
扣肉,1
大个,1
肉太肥,1
鹅,1
关健,1
电家,1
路途,1
第一佳,1
大鸡,1
排比,1
保持身材,1
秘诀,1
六十八,1
挣,1
尊,1
叮当,1
木瓜牛奶,1
过酸,1
很配,1
干劲,1
养眼,1
旅行,1
改名字,1
多肉,1
一到,1
上齐,1
烙饼,1
太凶了,1
少年,1
嘉利,1
华,1
时问,1
领,1
券是,1
615,1
物管,1
车厘子,1
太黑,1
消防,1
没水,1
组,1
b5,1
爱来,1
不太想,1
壁画,1
合影,1
吃豆腐,1
出菜,1
709,1
四寸,1
渔,1
路边摊,1
签子,1
戳,1
订位,1
棠香,1
转盘,1
新鲜感,1
汤太,1
暗沉,1
个糊,1
撒点,1
看不出来,1
调试,1
,1
一款,1
新品种,1
国宾酒店,1
住宿,1
中份,1
奶油鸡蛋,1
不因,1
大叔,1
臭蛋,1
气不过,1
扫,1
码,1
米汤,1
吃不出,1
渣套,1
妈点,1
炒点,1
枉,1
此行,1
附,1
去哪儿,1
阳台,1
摇一摇,1
绝交,1
致癌,1
2200,1
干别,1
咬掉,1
鸭哥家,1
多一半,1
不服,1
昧良心,1
帆立贝,1
节节,1
文哈,1
这栋,1
这辣,1
鱼味,1
青豆,1
何方,1
黄人,1
面量,1
023,1
券外,1
团年,1
关门大吉,1
压缩,1
算钱,1
店靠,1
虽小,1
鱼片,1
西永,1
补一,1
拿菜,1
91,1
何在,1
全场,1
十九个,1
走光,1
生还,1
生态,1
中偏,1
2B,1
花卉,1
秦妈老火锅,1
岔路,1
右,1
拐走,1
鱼现,1
杀现,1
长见识,1
完去,1
逛逛,1
何不,1
何,1
龙头,1
寺,1
祖传,1
粉蒸排骨,1
1140,1
上课,1
1235,1
反复,1
没个,1
混乱,1
不堪,1
通着,1
油汤滴,1
满地,1
每道菜,1
儒雅,1
出行,1
叶儿,1
青色,1
包肉,1
着装,1
放肆,1
往上,1
下压,1
细细的,1
椰蓉,1
舍友,1
别放,1
偏干,1
这看,1
两锅,1
出彩,1
提倡,1
食客,1
最早,1
拿多,1
批评,1
佐餐,1
低配,1
拍下来,1
调味,1
倒进去,1
写份,1
女人,1
吃夜,1
全漏,1
服不服,1
下图,1
谈事,1
伙喝,1
加大,1
沙发,1
鱼食,1
材,1
煎炸,1
扯起,1
爆利,1
连饭,1
壳味,1
冷漠,1
弯曲,1
毛呢,1
经不住,1
味道香,1
菠,1
仔姜,1
包着,1
精髓,1
糖醋,1
没进,1
怀旧,1
有着,1
我订,1
1850,1
1720,1
看单,1
杂,1
干溜杂,1
取菜,1
收渣,1
010,1
有失,1
重庆食,1
1227,1
1313,1
精确,1
分秒,1
丰衣足食,1
分子,1
生成,1
要微,1
没法儿,1
烤火,1
免收,1
汤面,1
团下,1
令人满意,1
风口,1
正对着,1
味觉,1
人差,1
敲诈,1
冒雨,1
来接,1
青瓜,1
无爱,1
科室,1
坏东西,1
一百多块,1
主城,1
透心凉,1
飞扬,1
长得帅,1
整条,1
明说,1
精挑细选,1
尾,1
菜多肉,1
会骗,1
得用,1
放大镜,1
滋味,1
盛宴,1
巧合,1
回访,1
起话,1
木块,1
翻过来,1
受罪,1
鱿鱼片,1
茶叶,1
泡制,1
有肉,1
任性,1
豪气,1
朵,1
尚美,1
蛋抄饭,1
服务费,1
水果蛋糕,1
黑多,1
玻璃瓶,1
布局,1
亲民,1
爽滑,1
平淡的,1
软硬,1
借鉴,1
爱不释手,1
多香,1
吃面时,1
交了,1
扩充,1
湄公,1
鱼嫩,1
刺少,1
泪,1
教学楼,1
斗到,1
缴,1
字少,1
老人家,1
让我拿,1
没意思,1
洗碗,1
起网,1
老成,1
来来来,1
烤薯,1
喝醉,1
乱收费,1
当回事,1
荣,1
盖过,1
十根,1
笋,1
今晚点,1
真导,1
父亲节,1
,1
海鲜酒楼,1
笋片,1
牛肚,1
笋子,1
香芒,1
鱼生,1
有头,1
加洲卷,1
和风,1
斤两,1
少太多,1
带苦,1
飞鱼,1
籽蟹,1
肉松,1
鱼子,1
压坏,1
几丝,1
深海,1
堡里,1
略低,1
确因,1
翻开,1
富安,1
名火锅,1
冷透,1
电子,1
校,1
输,1
液,1
鱼麻,1
麻菌花,1
条件,1
吴优,1
炸面,1
早晚,1
要开,1
无聊,1
药酒,1
维护,1
就事论事,1
小食,1
炭,1
ii肉,1
一年四季,1
天使之吻,1
美人鱼,1
消防栓,1
超微,1
老牌,1
结合,1
S,1
抵挡不住,1
诱惑,1
香纸,1
饱滴,1
脏话,1
报警,1
农场,1
择,1
帮帮,1
必来,1
肥而,1
溜,1
条才,1
忙事,1
得知,1
发条,1
信息,1
待客之道,1
礼仪,1
油撒,1
召皮,1
宽阔,1
十万个,1
巨好,1
连菜,1
我靠,1
红汤款,1
结帐,1
出示,1
有求必应,1
秀湖,1
爷,1
只准,1
深海鱼,1
只多收,1
另加,1
甜肠,1
枣肠,1
正规,1
领班,1
图片吧,1
地中海,1
新奇,1
吐气,1
小鸭,1
交高,1
元贝,1
白得,1
奶粉,1
等待时间,1
菜豆,1
干是,1
油烟味,1
多且,1
出生,1
个酸,1
毁,1
三观,1
黑作坊,1
地外,1
不算什么,1
商业中心,1
摔死,1
鱼称,1
多条,1
热腾腾,1
香喷喷,1
千万个,1
奔腾,1
蟠龙菜,1
守信,1
花园式,1
家长,1
粘米,1
瞎逛,1
定位,1
爱小,1
一番,1
现泡,1
白糖,1
这钱,1
餐少,1
716,1
747,1
810,1
822,1
很稳,1
猪尾,1
高峰,1
弄点,1
冬菇,1
脆皮肠,1
圆桌,1
深色,1
我全,1
不入,1
从前,1
两男两女,1
罩衣,1
汤均,1
外边,1
差来,1
死不承认,1
能污,1
无懈可击,1
粉勒,1
厨艺,1
地摊儿,1
水饺,1
吐得,1
多说无益,1
两吃,1
供应量,1
鳄鱼,1
掌,1
小羔羊,1
肉味,1
草原小肥羊,1
茼蒿,1
椰青,1
外头,1
百香果,1
山竹,1
全军覆没,1
冻成,1
发黄,1
汤全,1
基,1
桂花小,1
81,1
店菜,1
天价,1
三十多块,1
万科,1
锦程,1
十来,1
吃吃喝喝,1
耍耍,1
肯,1
123344,1
监督局,1
奶油味,1
驾,1
叔,1
太帅,1
圣诞快乐,1
良好,1
定做,1
奥儿良,1
考焦,1
上学,1
清汤米线,1
犯,1
干掉,1
老太婆,1
银川,1
春笋,1
烧肉,1
好几分钟,1
后续,1
入嘴,1
水份,1
掏出,1
作弊,1
董妹,1
吃惯,1
省略,1
优惠价格,1
另装,1
我门点,1
一元,1
重师,1
汤有,1
过敏,1
换上,1
跑下去,1
继续下去,1
腋下,1
才免,1
三十,1
要脸,1
掌柜的,1
范哟,1
喝了酒,1
29,1
技术含量,1
太多太多,1
麻辣龙虾,1
卖光,1
至始,1
至终,1
贴个,1
胶丝条,1
彩票,1
弹力,1
肠蟹,1
厚豆,1
上星期,1
木桶,1
交代,1
热要,1
美蛙,1
但点,1
俏江南,1
头骨,1
上带,1
杭椒,1
炒会,1
有生,1
索赔,1
狗日,1
串够,1
送落,1
打倒,1
维生素,1
窝心,1
黄姐,1
三拖一,1
七寸,1
窝,1
三十只,1
橄榄油,1
加果,1
意大利,1
毛囊,1
根部,1
搞基,1
上灭,1
价格低廉,1
火车站,1
当糖,1
玉儿,1
母子,1
鸡丝凉面,1
打泼,1
整得烦,1
家撒子,1
黑肥,1
大汉,1
回图,1
拍个,1
柴火,1
磨,1
默认,1
懒散,1
先上,1
一叫,1
少烤,1
看脱,1
白白嫩,1
几串,1
真靠,1
青苹果,1
有减,1
我家小,1
朋也,1
鱼品,1
轩,1
打撒,1
枸杞粥,1
欧巴,1
娘娘,1
普通话,1
青虾,1
辣鸡,1
不深,1
但料,1
辛拉面,1
催好,1
传菜,1
上调,1
要个,1
另算,1
还心,1
过段时间,1
说发,1
美得,1
列个,1
列表,1
再好不过,1
分尸,1
单签,1
福贵,1
真材实料,1
定不限,1
次数,1
订做,1
餐太多,1
实物图,1
实力,1
怀恋,1
乱送,1
不同于,1
摊摊,1
面油,1
臭鱼,1
太安鱼,1
二十九中,1
没签,1
麻辣火锅,1
专程来,1
作,1
典藏,1
乳酪,1
自在,1
从取,1
任何理由,1
连餐,1
没去,1
J,1
换券,1
屈臣氏,1
左转,1
周黑,1
锻炼,1
咀嚼,1
肌有,1
华夫饼干,1
玉米糊,1
特调,1
伯爵,1
油全,1
桌前,1
多出,1
这小,1
半辈子,1
伙食团,1
直港大道,1
美味佳肴,1
冷品,1
能放,1
环境污染,1
微博,1
太闹,1
闲,1
江津,1
悬殊,1
棵,1
嘿死本,1
这糟遇,1
嘿得,1
莫问,1
场面,1
忘点,1
咽不下,1
粒粒,1
分明,1
吃晚饭,1
心酸,1
做些,1
粉老,1
没汤,1
外包装,1
台式,1
外加,1
89,1
厚厚的,1
牛里脊,1
闲逛,1
偶然,1
1130,1
1312,1
发单,1
送货到,1
就订,1
堂内,1
宁静,1
优惠价,1
桑拿,1
特嫩,1
鑫珑,1
老知青,1
可口可乐,1
生产日期,1
2016,1
保质期,1
换作,1
任何人,1
协会,1
不以为然,1
痨,1
逮,1
结构,1
补偿,1
广西,1
女子,1
惊讶,1
第三份,1
去逛,1
汉子,1
偷吃,1
剩个,1
完街,1
喝咖啡,1
开学,1
面包糠,1
欲,1
更多带,1
积极性,1
强多,1
第一印象,1
落地窗,1
头顶,1
巴洛克,1
吊灯,1
一场,1
力推,1
附赠,1
够呛,1
远道而来,1
亲亲,1
闺密,1
很欢,1
那特,1
昏暗,1
160,1
快炸糊,1
扫光,1
大头菜,1
换货,1
肚找,1
油豆腐,1
遵义,1
酷,1
纸里,1
沸腾,1
小萝卜,1
再来一个,1
香辣鱼,1
煮菜,1
绿豆芽,1
出错,1
省心,1
马蜂,1
骏逸,1
蓝山,1
现弄,1
赞菜,1
照,1
煮成,1
肥羊,1
拼成,1
灰色,1
愣,1
半大,1
面碗,1
点头,1
明目张胆,1
七八次,1
开房,1
皮卡丘,1
南北,1
校区,1
不能自己,1
睡眼惺忪,1
穿着,1
睡衣,1
拖鞋,1
鼓起勇气,1
往回,1
气哟,1
1999,1
步,1
一步,1
半步,1
行好,1
小到,1
献给,1
石子,1
油滴,1
挺合,1
三七汽锅鸡,1
酸辣鱼,1
引发,1
性感冒,1
一品,1
只范,1
九锅,1
一堂,1
离大,1
玩家,1
影院,1
好近,1
联谊,1
年代,1
011,1
赏江,1
否定,1
混吃,1
调配,1
一至,1
五楼,1
营业时间,1
缩短,1
九点半,1
协信城,1
炸鸡翅,1
第一眼,1
绒,1
算求,1
元加,1
不缺,1
绝,1
广味,1
腊肠,1
仔鸡,1
铁板鱿鱼,1
餐分,1
重温,1
别棒,1
店开,1
梵净山,1
蓝光,1
抵扣,1
尖椒兔,1
皮换个,1
跑出去,1
不介意,1
想选,1
骨棒,1
骨架,1
东北菜,1
我能,1
还坏,1
天天点,1
酱牛肉,1
极点,1
崽,1
脑胀,1
床上,1
躺,1
尸,1
华夫,1
害人,1
观赏,1
溜冰,1
发图,1
发上来,1
压得,1
多放点,1
红干椒,1
米粒,1
溢价,1
率太高,1
足球场,1
渝北区,1
八一,1
亮,1
最舒服,1
闹市,1
度过,1
炮兵,1
隐涵,1
眼瞎,1
真叫,1
两支,1
恶臭味,1
好几,1
寄回,1
表示感谢,1
还算快,1
君子,1
双椒味,1
桌面,1
吃餐,1
蛋塔,1
还定,1
无耻,1
百度,1
倍,1
皮带,1
称之为,1
五花,1
碱味,1
自付,1
解掉,1
遍布,1
大街小巷,1
没醉,1
腐烂,1
一壳,1
很腥,1
第二回,1
还排,1
扩,1
请点,1
,1
和好,1
百分之九十五,1
现吃现,1
钟爱,1
协调,1
鸡辣到,1
学哈,1
出师,1
牙子,1
好脏,1
石头砸,1
心大点,1
成熟度,1
好嫩,1
速速,1
精神面貌,1
这量,1
恭维,1
肉松卷,1
畅饮,1
上脑,1
517,1
十九元,1
白白浪费,1
之嫩,1
有句,1
妈卖批,1
包米,1
会教,1
五色,1
没菜,1
临时准备,1
好酸,1
是斯虾,1
摆着,1
那杯,1
吃细,1
险些,1
自称,1
三十年,1
超多够,1
亲手,1
门店,1
太不给力,1
提点,1
没过多久,1
取出,1
现杀现,1
荔枝,1
张先生,1
呈现出,1
优雅的,1
陈列,1
曲奇饼干,1
不失,1
乐趣,1
选取,1
工艺,1
到入,1
曲奇,1
回馈,1
耐性,1
全给,1
一两片,1
手把手,1
之内,1
666666666,1
汤包,1
唷,1
再大,1
少盐,1
我门,1
没出,1
今天天气,1
太冷,1
午餐,1
不正常,1
野山椒,1
秉着,1
原则,1
第七次,1
占用,1
你的空间,1
复制,1
设置,1
群发,1
助手,1
全选,1
复制粘贴,1
发送,1
删掉,1
店住,1
张卷,1
冰激凌,1
泡成,1
心塞,1
面快,1
秘制烤,1
菜豆花,1
加面,1
王府井,1
神马,1
送上,1
灯火通明,1
饮,1
弄懂,1
跟肠字,1
这回,1
帅锅,1
口中,1
元值,1
负不起责,1
视觉,1
盲点,1
人行横道,1
拐角,1
黄桃加,1
辣鲜,1
抽到,1
炒鸡赞,1
太值,1
咸就,1
咸盐,1
白来,1
心声,1
好吃来,1
海底捞,1
事件,1
敲响警钟,1
监督,1
人和,1
两小只,1
开口,1
玩得,1
嗲嗲,1
一贯,1
新奥尔良,1
火上,1
放进去,1
板命,1
铜锅,1
炒豆,1
一拖,1
人拉黑,1
冷求,1
再辣点,1
十种,1
不记,1
不忍,1
米和,1
全在,1
油虾,1
没准,1
时过,1
麻得,1
舒坦,1
西柚,1
拳头,1
阿利与艾德咖啡,1
鱼子酱,1
品多,1
想端,1
吃慢,1
协信,1
不醋,1
拼虾,1
陀肉,1
两周年,1
罗森,1
上上下下,1
七次,1
脚里,1
血丝,1
扳着,1
指头,1
记得来,1
好肉,1
养猫,1
相继,1
离世,1
难过,1
慰藉,1
大白,1
吃醋,1
来生,1
安乐,1
稍淡,1
十三个,1
饺子皮,1
机压,1
手擀,1
并未,1
十余只,1
第一选择,1
甜酱,1
捂,1
兴隆,1
黏成,1
全洒,1
马虎了事,1
姜鸭,1
面配,1
出虫,1
飞进去,1
下文,1
不知不觉,1
独蒜,1
称迈,1
称错,1
腰柳,1
晒干,1
切开,1
疙瘩,1
切都切,1
出根,1
不适,1
细菌,1
感染,1
虚,1
洪,1
崖洞,1
炖腊蹄,1
速递,1
一鸭,1
那款,1
海吃,1
多喝,1
来颗,1
手拔,1
时人少,1
没因,1
全串,1
特e,1
接送,1
水少,1
椅,1
车位,1
比好,1
家福,1
木头,1
块块,1
寿面,1
烤乳猪,1
好几家,1
唯,1
之爽,1
有滋味,1
103,1
喝冰,1
大口,1
帅帅,1
葛格,1
娘胎,1
莫点,1
前车之鉴,1
听不见,1
香茹,1
三十元,1
松软,1
达达,1
菜点,1
罗宋汤,1
杨艳春,1
柔软,1
田里,1
华田,1
元算,1
痛苦,1
很美,1
冷掉,1
令人感动,1
点半是,1
善意,1
别用,1
油来,1
开启,1
恶狼,1
模式,1
浇盆,1
班戟,1
肉丸子,1
大开眼界,1
开团,1
友情,1
一点盐,1
会越,1
蛋有,1
槽,1
有意义,1
龙卷,1
赞美,1
放空,1
重复,1
咔滋薯,1
霸大,1
花豆,1
干串,1
虽热,1
内脂,1
越老越,1
赶觉,1
餐就够,1
花粥,1
奇迹,1
烤物,1
最爱点,1
水话,1
讲完,1
尊重,1
姜爆,1
沾料,1
没空,1
理,1
蜜汁烤,1
美式,1
百事可乐,1
吃不得,1
鱼香茄条,1
痛迈,1
泡油,1
小狗狗,1
超萌,1
干干的,1
盐长价,1
整块,1
不含,1
买二送,1
特别注意,1
同桌,1
上水,1
来涮,1
胸排,1
太扣,1
两三片,1
李平,1
火腿三明,1
葡式,1
多滋,1
芙,1
有团券,1
黄金地段,1
华夏银行,1
基地,1
乱弄,1
餐再加,1
主儿,1
短节,1
回过,1
味道鲜,1
脆感,1
低人一等,1
油烟,1
团花,1
旅途,1
递水,1
玩头,1
名气,1
那末,1
去点,1
能嫩,1
回头率,1
最爱手,1
首家,1
录音棚,1
充当,1
哈做,1
明星,1
停下来,1
舞台,1
思想,1
少辣,1
面经,1
喷子,1
本地人,1
翠云水煮鱼,1
麻辣鸡,1
油肉,1
抵消,1
点化,1
77,1
猪大肠,1
猪脑,1
辣油,1
解辣,1
前期,1
星期五,1
拿货,1
小杯,1
牌匾,1
油锅,1
透露,1
香腻,1
泡茶,1
以辣,1
丽苑,1
坝坝,1
喝奶,1
大吧,1
先烤,1
真空包装,1
镜面,1
瓜皮,1
看功略,1
保健,1
牛丸,1
豆子,1
碧津,1
往前走,1
巷子,1
即到,1
餐慢,1
省去,1
愿,1
卖钱,1
得行,1
六片,1
十串,1
寒天,1
老话,1
闺蜜来,1
三顾,1
装在,1
小盒子,1
太难受,1
都一,1
至,1
不全,1
稠乎乎,1
得莫法,1
蒜泥茄子,1
卷曲,1
礼品,1
上岛,1
尸体,1
第二张,1
上饭,1
寿星,1
钱退,1
团里,1
师父,1
多盐,1
咸是,1
该换,1
一进,1
宽面,1
细面,1
个儿,1
饭少,1
不满,1
英利,1
云南,1
q,1
眼底,1
油全漏,1
烤黑,1
不定期,1
忍耐,1
限度,1
一个多月,1
月份,1
周年,1
庆,1
每人,1
罐,1
少见多怪,1
保鲜,1
过夜,1
熬制,1
靠江,1
多用,1
广安,1
云湖,1
景园,1
木兰,1
画室,1
搬家,1
没次,1
三小妥,1
相,1
一整只,1
冲动,1
订错,1
味同嚼蜡,1
变冷,1
一滴,1
潸然泪下,1
鲜丰,1
说不上,1
清歌,1
孤单,1
微醺,1
几十秒,1
按错,1
睿哥,1
姑娘,1
齐唱,1
生日歌,1
民谣,1
歌能,1
顺路去,1
紫荆,1
消券,1
圈现,1
蔫,1
守到,1
炸得,1
北城,1
能加,1
糯香掌,1
降,1
第六,1
噶,1
爽快,1
蜜芋,1
非洲,1
游,1
送点,1
今夏,1
清一色,1
延误,1
根长,1
云台,1
得天,1
围着,1
讨论,1
激动,1
澳洲,1
哪份,1
闭只,1
饿辣,1
隆重,1
暖,1
格雷,1
香米,1
巧克力奶,1
之多,1
我少,1
不嘛,1
正浓,1
一对,1
夫妻,1
语言,1
光盘,1
交易,1
长来,1
老城,1
建行,1
顺风,1
只退,1
共点,1
粉黑,1
组成,1
惊,1
长到,1
里来,1
勒点,1
太空,1
与众不同,1
白里透红,1
如实,1
鸡肠,1
饿起,1
早吃,1
冷淡,1
学徒,1
有位,1
年长,1
因是,1
软绵绵,1
二罐,1
调味油,1
布帘,1
遮到,1
拉开,1
鱼甲,1
浙江,1
定制,1
不冰,1
打折扣,1
服服,1
长霉,1
小鬼,1
饺子馅,1
洗手,1
洗手盆,1
形式,1
座机,1
手机号,1
装错,1
有理,1
偶,1
和培根,1
职业道德,1
火候,1
六种,1
串才,1
外行人,1
道旁,1
包厢,1
老外,1
胶线,1
从此以后,1
计算,1
整盆鸡,1
阳光城,1
斜坡,1
白米饭,1
饭哟,1
随,1
冷饮,1
指甲,1
披,1
汉渝路,1
葱头,1
不辣不,1
蛮少,1
张券,1
13823703630,1
发火,1
张就够,1
吃来吃去,1
伤,1
汤是,1
骨头汤,1
鲜族,1
一上,1
泡胀,1
联,1
凑合,1
十一点半,1
叫鸡,1
脏兮兮,1
渴死,1
之王,1
己,1
火红,1
从点,1
重大,1
兰园,1
续杯,1
瓶子,1
重庆好,1
弄乱,1
掺杂,1
见图,1
卫生状况,1
一家子,1
水木天,1
双龙,1
下边,1
十一,1
上三楼,1
木质,1
玩累,1
不该,1
水喝,1
老壳,1
心跳,1
加速,1
多得很,1
一摞,1
十多个,1
提回去,1
一摸,1
不赖,1
感受一下,1
虾肠,1
流程,1
桂香园,1
理念,1
胶原蛋白,1
惦记,1
胖胖,1
再见,1
真多,1
有酸味的,1
别买,1
发图片,1
加进去,1
特多,1
团比进,1
店购,1
面连,1
菜全,1
飞机,1
雪碧送,1
拿错,1
敢不敢,1
大都会,1
外婆桥,1
二百多,1
太近,1
挣大钱,1
购快,1
现团现,1
麦嘉,1
豪客,1
莱丝,1
鸡米,1
花卖,1
月售,1
三百,1
单都,1
人儿,1
好吃佬,1
咸又糊,1
亏了,1
会腻,1
采用,1
鲜牛奶,1
打磨,1
而成,1
脏东西,1
少拉点,1
日理万机,1
民工,1
31679,1
多到,1
手扒鸡,1
没烤,1
花样,1
冷硬带,1
四口,1
充血,1
肌肉,1
雪碧是,1
摇过,1
汽水,1
天雪碧,1
冰不加,1
留点,1
体温,1
好几年,1
网评,1
熬起,1
开整,1
考鸭饭,1
老麻,1
差瓶水,1
拉塞,1
点会,1
交钱,1
一个几岁,1
唉呀,1
总算,1
凑够,1
冰加少,1
奇特,1
中西餐,1
现画,1
调节,1
个个,1
乐堡,1
扩一扩,1
插,1
1840,1
2009,1
好多个,1
携,1
剔除,1
试了试,1
干撒撒,1
可选性,1
攒,1
心急,1
热豆腐,1
找不出,1
捧场,1
往外,1
好求,1
抓狂,1
喊一声,1
上放,1
津津有味,1
现点,1
现称,1
公鸡,1
现点现,1
不厌,1
牛肉汤,1
爽脆,1
过关,1
谢谢你们,1
密滋,1
睡醒,1
捧,1
草包,1
更配,1
有幸,1
唐兔,1
自量,1
一大家子,1
一说到,1
灰常灰常,1
组局,1
还会团,1
大鱼,1
茶粉,1
只用,1
肉圆子,1
哭泣,1
厌恶,1
雷点,1
吸,1
对骂,1
奉陪,1
问心无愧,1
鸽子,1
显杀,1
江苏,1
嫌太辣,1
湖南,1
费含,1
粥品,1
没辣死,1
前团,1
瓜子,1
只会,1
底子,1
铺满,1
虽大,1
丝毫,1
八九,1
740,1
膨胀,1
芋,1
冬瓜茶,1
常温,1
微商,1
辣起,1
现炒现卖,1
分泌,1
口水,1
摸索,1
不断进步,1
填补,1
空白,1
大有可为,1
对此,1
陶然居,1
三厘米,1
果味,1
人直,1
酒足饭饱,1
第一卷,1
端出来,1
叫少,1
一而再,1
冷藏,1
读,1
毕业,1
三色,1
高山,1
搅匀,1
血粉,1
限制,1
无线,1
暖和,1
五人,1
不能自拔,1
吵杂,1
约定,1
一角钱,1
一把,1
善解人意,1
五十下,1
那才,1
我服,1
咸太辣,1
莲子粥,1
罐头,1
太爽了,1
店会,1
忍受,1
打热,1
太长,1
未到,1
继续发扬,1
很挤,1
西,1
盛奶,1
完事,1
家门,1
鸟儿,1
叫声,1
清脆,1
身临其境,1
庆祝,1
高中,1
解放,1
听歌,1
攒钱,1
紫露,1
选来,1
选去,1
开县,1
购票,1
1111111,1
没考,1
和龙,1
利鱼,1
融了,1
皮是,1
皮肉,1
不通人情,1
笼,1
四方形,1
一肚子,1
做贼心虚,1
狼心狗肺,1
煌记黄,1
鸡粥,1
烩,1
总得,1
很穷,1
,1
江中,1
W,1
不e,1
服B度,1
凭良心说,1
斤数,1
补钱,1
强买强卖,1
少女,1
ing,1
热热,1
鹦鹉,1
叽叽喳喳,1
聪明,1
恩爱,1
捞起来,1
肝子,1
郡子,1
幸亏,1
麦穗,1
区中门,1
宴席,1
一齐,1
买三送,1
好重,1
社区,1
片区,1
老麻抄手,1
五份,1
资范,1
储值卡,1
鱼刺,1
鲁能,1
星城,1
巴蜀,1
中学,1
女娃儿,1
赶超,1
完菜,1
底,1
冰消,1
亏本,1
胜过,1
一百倍,1
耳子,1
钱能,1
T,1
补菜,1
补得,1
吃不来,1
开心就好,1
太够,1
听到,1
麻够,1
排位,1
目的,1
发出臭味,1
检疫,1
十几个,1
不肥,1
片得,1
酸萝卜汤锅,1
爱吃油,1
男友,1
围观,1
下叉,1
天喝点,1
内容丰富,1
湘式,1
养乐多,1
好爽,1
热咖啡,1
点单,1
别样,1
酒酿,1
给面子,1
福多,1
新癣,1
出过,1
中餐厅,1
31,1
等会儿,1
刀盘,1
一万多,1
再久油,1
团友们,1
纸袋子,1
隐约,1
稳到,1
很久潮,1
没炸透,1
卷点,1
甜糯,1
清凉,1
新鲜味,1
奈良,1
大片,1
一百元,1
只花,1
七十九,1
泰熙家,1
砸牌子,1
没弄,1
弱,1
弱的,1
不亏,1
糖放,1
评级,1
揪,1
闻闻,1
换位,1
将心比心,1
结成,1
懂动,1
向坡,1
小桌子,1
小椅子,1
试过,1
夸,1
词穷,1
这年头,1
好烦,1
金钩,1
光辣,1
再吐槽,1
肥油,1
东北人,1
大好,1
配套,1
工号,1
上订,1
第二团,1
任,1
四坨,1
当热,1
敢喝,1
崩溃,1
立顿,1
过得去,1
九块,1
一比,1
坚决,1
道理,1
方法,1
鸭好,1
甜心,1
虾片,1
装菜,1
裂开,1
黑蚂蚁,1
蚂蚁,1
乱流,1
闷熟,1
提现,1
72,1
半生,1
豆类,1
生吃,1
下塞,1
常识,1
烤全,1
闻起,1
九大碗,1
能添,1
烤豆腐,1
拉稀,1
真想用,1
堵,1
完有,1
真特,1
闹腾,1
厚度,1
韧性,1
饭加,1
伯伯,1
OK,1
总行,1
子坏,1
不透气,1
蜜豆,1
280,1
媚娘,1
两粒装,1
198,1
太坏,1
高铁,1
等车,1
带血,1
没过,1
118,1
万达新,1
醇正,1
以麻,1
试验,1
赞下,1
下棋,1
看电视,1
肉粉,1
1350,1
奥良,1
惹味,1
摩崖,1
香口,1
搭菜,1
扭扭,1
完鱼,1
不等,1
吃够,1
隐私,1
满是,1
态羞,1
千山万水,1
火机,1
398,1
第三家,1
贝,1
没发,1
券后,1
中意,1
降温,1
来后,1
火热,1
比较忙,1
桂圆,1
咸能,1
食品质量,1
味最,1
娃多,1
桌席,1
体面,1
不是太好,1
分寸,1
把握,1
刚涮,1
连油,1
很红,1
概念,1
碱,1
三四口,1
红度,1
没用过,1
滤镜,1
江湖味道,1
多多来,1
一个七岁,1
客户端,1
书香,1
午餐时间,1
260,1
白油,1
玫瑰花,1
私家菜馆,1
以回,1
韩国人,1
海鲜拼盘,1
羊腿,1
嘿火,1
家店,1
说起,1
竖起,1
一进到,1
敢肯定,1
赶得上,1
大美女,1
夫妻俩,1
秘,1
都信,1
无数遍,1
830,1
信用,1
稳如,1
国,1
喝不来,1
奶精,1
小些,1
白白净净,1
一搅,1
沉浮,1
沙县,1
未来,1
亿人,1
世界观,1
薄度,1
打汤,1
涮肉,1
酒钱,1
饭钱,1
肉鲜,1
挺少,1
腐烂变质,1
洗手间,1
来来回回,1
活鸡,1
法庭,1
虽少,1
差菜,1
真会,1
选菜,1
券加,1
选菜区,1
放个,1
秤,1
先称,1
龙祥,1
顶用,1
牛鲜,1
上乘,1
我面,1
榨,1
香锅土豆,1
籽籽,1
不软,1
自认,1
挺好玩,1
主力,1
没长,1
水多,1
一丁点,1
吸取教训,1
懒,1
鸿运,1
人餐位,1
公正,1
守,1
柴卢,1
加巴,1
旦木,1
我多加,1
没给,1
出油来,1
通电话,1
红彤彤,1
1224,1
太多楼,1
傻傻,1
分不清楚,1
栋,1
柳暗花明,1
堂食,1
瞟,1
单倒,1
住在一起,1
奥陶纪,1
怼,1
周六,1
减,1
德得,1
布雷,1
说不完,1
剁,1
重庆菜,1
适度,1
年龄,1
信置,1
有风格,1
卡卡,1
角角,1
炭烤,1
辣不同,1
大清早,1
澳式,1
小火锅,1
川味香辣,1
洪涯,1
旁贴,1
耐人寻味,1
眉眼,1
撒到,1
咋个,1
长长,1
汤鲜,1
能量,1
吃光,1
优美,1
活生生,1
乘,1
小碗,1
好多钱,1
开开心心,1
诋毁,1
哥送,1
520,1
菜香园,1
蜗牛,1
赶过来,1
选无糖,1
热火,1
来学,1
点酸,1
新壹街,1
八方,1
渔蛋,1
和茶,1
美妙,1
赠饮,1
合川,1
不桑人,1
配搭,1
假山,1
满星,1
补给,1
我破,1
钱害,1
合胃口,1
的小酒馆,1
味纯香,1
下酒菜,1
烤羊,1
送礼,1
我点餐,1
说准,1
不过关,1
家出,1
鱼小得,1
评评,1
图里,1
估,1
福尔马林,1
人肉,1
新桥,1
年来,1
耽搁,1
能卖,1
多少钱,1
没数,1
光吃肉,1
创新,1
官网,1
蜈蚣,1
黑吐,1
上多收,1
港味,1
变味儿,1
炒米线,1
多米,1
骑车,1
排长队,1
撬出来,1
两边,1
养颜,1
端午节,1
粽子,1
点中,1
麻到,1
家嫩,1
差哈,1
自由发挥,1
已来,1
清蒸,1
要活,1
630,1
播报,1
麻蛋,1
没脑子,1
无辣,1
来辣,1
别来,1
手术,1
懂吗,1
没多,1
受害,1
小型,1
西安老,1
院,1
还放蒜,1
买碗,1
买鸡排,1
好快,1
好腥,1
无骨鸡,1
驾驭,1
茗,1
遍,1
好吃点,1
闹中取静,1
多带,1
式,1
长胖,1
顶料,1
身材,1
擅长,1
年轻化,1
团队,1
销量,1
网红,1
爆款,1
爱死,1
备,1
注重,1
香了,1
认路,1
好辣,1
打招呼,1
战,1
总会,1
蛙肉,1
两碗饭,1
没撑,1
冰火,1
桃子,1
人美,1
亲朋好友,1
亭,1
阉,1
着重,1
提出,1
银鳕鱼,1
鹅肝酱,1
公的,1
母,1
挺嫩,1
没哟,1
巧克力慕斯,1
肚皮,1
棒棒糖,1
潮,1
全撒,1
巴掌,1
公分,1
哎真,1
赶面,1
赶薄,1
说太热,1
油包,1
比一,1
城一锅,1
一圈,1
鸡公煲,1
胃病,1
失误,1
莫名其妙,1
气晕,1
个餐,1
慎选,1
远东,1
黑森林蛋糕,1
霜雪,1
圣代,1
引,1
速食,1
同价,1
美味鸡,1
香辣鸡,1
小腿,1
太多人,1
九点钟,1
往后,1
洗头,1
汤倒,1
鸡米芽,1
荷包蛋,1
被动,1
讲信用,1
楼前,1
一塌糊涂,1
保持一致,1
不坑,1
不喜,1
一大群,1
带领,1
喧闹,1
单一,1
太肥,1
西式,1
冰草,1
西点,1
人太,1
庆幸,1
小侄女,1
常,1
回个,1
比不麻,1
买花,1
买花要,1
岐山臊子面,1
寒心,1
没有话说,1
规范,1
紫色,1
唇齿,1
恨不得,1
喝掉,1
临走,1
305,1
一小撮,1
三条,1
两三,1
注定,1
到头,1
要现,1
华生,1
圆差,1
缴气费,1
窗户,1
窗外,1
一目了然,1
疑似,1
烤出,1
豆腐脑,1
盛合,1
七夕节,1
小号,1
版好,1
1618,1
只约,1
武陵山珍,1
老年人,1
花钱,1
奇少,1
粉加,1
品中,1
粉里,1
现实,1
滚烫,1
遇热,1
析出,1
只配,1
变形,1
具佳,1
自驾游,1
搜索,1
雅,1
欠缺,1
再接再厉,1
星差评,1
来点,1
超有,1
一大堆,1
没人要,1
辣度,1
淳厚,1
透着,1
草药,1
仔香,1
人工,1
然间,1
之极,1
露挺,1
芜湖,1
叫外,1
小腻,1
挺贵,1
人数,1
完好,1
不酸,1
开后,1
吵闹,1
川美,1
金橘,1
三桌,1
两三千,1
老地方,1
总滴,1
菜滴,1
没剩,1
我少少,1
,1
,1
丽,1
百次,1
可丽饼,1
超甜,1
挖,1
蔓,1
奶提,1
视奸,1
鲜奶油,1
加纯,1
奶加,1
顶峰,1
加蔓,1
我的饼,1
皮烤,1
最底层,1
价买,1
以内,1
三十几年,1
361,1
盛名,1
烂店,1
后怕,1
心头,1
王者,1
多人点,1
丑味,1
不紧不慢,1
好累,1
数不清,1
肉食动物,1
早早,1
新广场,1
鸿恩,1
全面,1
长度,1
削皮,1
等等等等,1
如,1
整么,1
吃饭时间,1
太大个,1
草莓慕斯,1
出头,1
人太少,1
丘二馆,1
火锅串串,1
无数回,1
认得,1
薏米,1
醉酒,1
中一,1
肿,1
梅菜扣肉,1
韩料,1
难咽,1
小白菜,1
避免,1
同一,1
批货,1
54,1
鸭蛋,1
满屋,1
拖时间,1
鱼肚,1
肉饼,1
魔厨,1
p,1
原汁,1
土包子,1
开眼界,1
大声,1
配备,1
大钱,1
舍才,1
穿无痕,1
内衣,1
赶脚,1
内陆,1
爽胃,1
犹豫,1
看官,1
允许,1
献上,1
膝盖,1
独具特色,1
贵而少,1
对外,1
太腻,1
多变,1
认出,1
居高临下,1
长江,1
中老年,1
没卖,1
尖汤,1
忘带,1
屋点,1
变黑,1
大伙,1
看板娘,1
拉出,1
塑料纸,1
哥特,1
度天,1
躲猫猫,1
中暑,1
天天向上,1
节目,1
不骗,1
电池,1
只放,1
堂,1
食太,1
蛋花,1
稀得,1
情谊,1
熏,1
临近,1
公路,1
大半碗,1
红椒,1
找饭,1
五岁,1
多天,1
深受,1
喜爱,1
排着,1
用脚,1
服都服,1
高倒,1
酒除,1
吃得出,1
不收,1
押金,1
烫死,1
舌头,1
非常明显,1
丁家,1
大字,1
麦,1
不能容忍,1
重百,1
新纪元,1
新手,1
互相理解,1
我快,1
拎,1
甜食,1
标价,1
口腔,1
一嚼,1
弹劲,1
现磨,1
炒个,1
恋雀条,1
告,1
一摆人,1
长个,1
寂静,1
森林,1
百果,1
送全,1
赫特蒙,1
发微信,1
港式茶,1
友友,1
只团,1
一多,1
点半去,1
个虫,1
其乐融融,1
理解能力,1
有限,1
四份,1
小可爱,1
有配,1
河南,1
完够,1
吹才够,1
小罐,1
饭贵出,1
熬出,1
握,1
手袋,1
很入,1
鸭菌,1
小天鹅,1
梗子,1
一举两得,1
顺道,1
减个,1
一箭三雕,1
大忌,1
试问,1
物美,1
硬道理,1
120,1
很坑,1
酸辣土豆丝,1
好感,1
倍升,1
要重,1
1234,1
1310,1
全凉,1
没生气,1
订购,1
首次,1
干捞粉,1
老树咖啡,1
果粒,1
急着,1
要定,1
找个,1
懂点,1
比现,1
巴贝拉,1
今天上午,1
不服气,1
质监局,1
祥当,1
瓶盖,1
饮用,1
洗衣粉,1
未知,1
海螺,1
吃盐,1
朝鲜冷面,1
口不苦,1
不燥,1
获得,1
堪比,1
蔡家,1
腐肉,1
便秘,1
脚麻,1
好痛,1
44,1
脖,1
真蛋,1
饭要,1
疏漏,1
订完,1
懵,1
素养,1
智商,1
情商,1
涵养,1
境界,1
混迟,1
92,1
买时,1
先团,1
真滴,1
生肉,1
挺帅,1
锅边,1
拼兔,1
小作坊,1
锅汤,1
记下,1
平均,1
认定,1
奢侈,1
一身,1
外表,1
再炸,1
本是,1
乱说,1
回应,1
薄饼,1
糖分,1
留在,1
口罩,1
吃底,1
点份,1
加汤,1
搜到,1
六张,1
大厦,1
解决问题,1
求得,1
首单,1
六块钱,1
团比,1
露冰,1
奶和水,1
分层,1
屁股,1
不割,1
个水,1
九人,1
整盒,1
美食节,1
口口,1
不订,1
天花板,1
百般无奈,1
阔怕,1
肉切,1
肉块,1
干什么,1
念,1
]有,1
慕名而来,1
儿歌,1
组个,1
时限,1
明虾,1
操机,1
油洒,1
难免,1
单是,1
多大个,1
做买卖,1
家好,1
条虫,1
四元,1
结冰,1
金米,1
鸡条,1
不饿,1
饿得,1
十人餐,1
特坑,1
无人,1
接听,1
用不着,1
麦当,1
香辣鸡腿堡,1
小鸡,1
吃得出来,1
炸鸡排,1
汤超,1
早说,1
实在话,1
剩米,1
帮着,1
完会,1
只来,1
奢华,1
山珍海味,1
窝窝头,1
魅力,1
脆饼,1
挑鱼,1
四斤,1
135,1
几只,1
消极,1
人菜,1
编号,1
搞错,1
巴实,1
一进店,1
清火,1
鱼块,1
改天,1
不放,1
焦黄,1
炸干,1
送慢,1
稀,1
肉食,1
顺滑,1
打点滴,1
1958,1
2138,1
最久,1
现种,1
馓子,1
皮上,1
满足感,1
甜虾,1
催菜,1
导航,1
沿,1
主楼,1
一栋,1
t酒Z肝,1
土瓶,1
大明,1
小串,1
红肉串,1
季节,1
金币,1
女士,1
会少,1
进补,1
乱入,1
开瓶费,1
干煸四季豆,1
扇贝粉丝,1
花蛤,1
豆角,1
花蟹,1
咯些,1
有块布,1
撇,1
草鸡,1
酱略少,1
顺序,1
略,1
好怕,1
略偏,1
一员,1
一两,1
快得,1
要拉出,1
可能性,1
脱,1
时连冰,1
风干,1
伤不起,1
鸡量,1
